demandId,sourceId,sinkId,demandVolume,arriveTime
0,1269,1294,100,8
1,2001,2027,95,41
2,218,1017,80,48
3,1229,1944,100,42
4,1250,1353,65,11
5,1779,1685,65,5
6,2118,2090,100,21
7,353,964,85,33
8,2243,2138,60,23
9,2171,2118,95,28
10,1967,2232,55,46
11,1979,1372,55,25
12,1880,1895,100,43
13,2133,2085,95,47
14,829,583,75,45
15,2109,2226,100,42
16,2188,2048,65,16
17,471,1655,90,20
18,1960,1788,55,27
19,2230,2195,60,50
20,2193,2003,100,39
21,1669,617,100,3
22,744,1067,80,13
23,2201,2265,90,49
24,1480,1803,90,7
25,2030,2109,75,48
26,1611,2088,80,27
27,729,910,50,44
28,1228,1779,65,3
29,2224,2108,95,36
30,1984,1450,50,24
31,1955,1806,55,42
32,186,117,90,15
33,2037,1748,70,14
34,2218,2262,70,38
35,2165,2114,65,28
36,1182,1622,65,22
37,2108,2027,80,35
38,1912,2102,50,46
39,2273,2005,90,33
40,858,2136,85,41
41,2254,2069,100,50
42,1504,1760,65,20
43,2281,1305,85,11
44,132,578,70,46
45,2131,2277,70,8
46,1596,1206,80,31
47,2127,2234,80,11
48,166,538,55,36
49,1388,1712,85,49
50,556,705,70,17
51,2217,914,50,41
52,1716,2266,80,20
53,1804,1755,85,21
54,1539,1501,60,40
55,2133,2232,100,14
56,483,569,60,27
57,2070,2298,90,17
58,7,1908,70,35
59,2223,2094,85,3
60,1880,1266,95,48
61,2129,772,100,13
62,2057,314,95,23
63,2151,1691,55,28
64,1937,1886,100,12
65,144,738,90,47
66,1340,1923,95,4
67,128,954,90,21
68,1544,1829,75,18
69,648,476,90,11
70,269,268,80,10
71,1448,1455,85,32
72,1892,1381,65,16
73,2035,1750,55,13
74,2083,2146,75,35
75,1629,1393,55,10
76,157,2108,100,37
77,1007,1116,85,27
78,2277,1977,80,16
79,1627,1280,70,2
80,1556,1838,70,8
81,1534,1926,95,30
82,2268,2091,70,18
83,351,1072,85,29
84,1644,1799,75,47
85,1829,1480,60,10
86,2270,2159,70,27
87,2081,2273,95,27
88,1537,316,90,23
89,452,344,55,28
90,430,327,95,13
91,782,1736,55,32
92,1330,1654,75,6
93,2280,1599,85,8
94,2174,2096,65,25
95,2237,2194,100,11
96,2077,13,100,37
97,1660,1775,70,22
98,1649,1282,70,43
99,373,1882,85,3
100,545,711,100,22
101,2246,1449,50,42
102,1378,1398,50,24
103,1024,1860,85,18
104,115,522,100,23
105,1744,1566,90,4
106,1424,1263,85,28
107,1964,260,80,21
108,1659,1224,90,31
109,522,86,90,21
110,679,701,55,16
111,1734,1819,90,44
112,2115,2297,65,9
113,1865,1240,60,31
114,852,977,80,4
115,2185,1196,85,36
116,1610,1861,65,14
117,2201,2176,75,40
118,609,571,70,36
119,1965,1888,60,42
120,2117,2107,60,18
121,145,334,75,10
122,2170,2181,70,50
123,2225,2015,90,36
124,1366,1445,55,26
125,1521,1797,50,44
126,2082,1632,65,25
127,1623,1225,65,21
128,2166,2106,55,33
129,97,462,80,46
130,1048,2015,75,21
131,1034,1022,80,8
132,1348,1758,70,8
133,1635,1763,55,43
134,1762,1994,95,43
135,424,937,55,4
136,668,827,100,8
137,922,1006,70,45
138,1273,1527,85,16
139,1642,2189,95,43
140,2152,2181,100,45
141,1552,2292,55,42
142,1227,1551,60,38
143,2123,2199,90,43
144,2043,2227,65,22
145,2187,2147,90,18
146,2177,329,70,37
147,752,294,50,45
148,1085,1861,55,10
149,642,1299,85,32
150,2048,614,55,10
151,83,278,85,33
152,1984,1838,55,22
153,1227,1051,80,43
154,2073,2154,90,23
155,743,2124,65,40
156,346,583,50,39
157,1955,355,55,45
158,1440,1497,85,20
159,1180,514,70,33
160,2046,2283,95,18
161,1876,2085,50,35
162,2163,2299,50,44
163,2014,2145,65,3
164,1459,2046,90,40
165,2122,2079,60,12
166,1209,1289,95,42
167,2045,2059,50,27
168,1959,1948,70,8
169,1928,2188,95,41
170,439,886,80,22
171,1638,1760,90,49
172,1011,490,70,4
173,238,239,60,46
174,177,418,95,17
175,81,189,85,28
176,1774,1236,70,22
177,2026,2285,60,28
178,2036,2297,100,22
179,1510,1570,90,30
180,1173,221,60,35
181,2019,2263,50,12
182,2112,2099,65,37
183,2106,2049,80,22
184,479,883,80,13
185,2251,1256,80,4
186,2248,175,50,37
187,2112,2281,50,25
188,236,2260,95,36
189,1498,1237,50,44
190,230,490,55,35
191,47,510,90,34
192,1807,1577,50,2
193,1279,1463,65,2
194,1933,1016,50,23
195,2079,2184,65,31
196,2236,2078,90,11
197,1975,1965,90,27
198,1227,1401,90,49
199,2258,2040,85,42
200,2029,2162,60,48
201,2226,2016,100,42
202,2106,1262,60,5
203,1224,1214,65,2
204,2144,2207,85,6
205,652,1071,50,36
206,1015,2034,55,50
207,1146,862,80,38
208,443,611,60,12
209,832,692,65,47
210,1755,2270,95,31
211,2088,2125,80,43
212,2003,2296,80,12
213,1075,666,55,25
214,2192,1128,70,6
215,2183,1524,75,46
216,235,2295,55,39
217,1064,1370,90,5
218,878,1016,85,2
219,1122,1002,100,10
220,2099,2075,85,48
221,2017,529,60,41
222,1462,1650,100,12
223,1624,1632,95,21
224,1642,2246,60,44
225,1603,473,90,28
226,267,80,65,23
227,937,682,90,17
228,1178,906,70,39
229,250,533,60,47
230,1205,1726,80,14
231,2138,2130,90,39
232,1650,1383,100,36
233,2160,2110,85,43
234,149,849,100,19
235,209,629,95,22
236,407,769,75,40
237,2086,2205,55,5
238,682,700,95,11
239,2139,2195,65,17
240,1960,816,75,25
241,778,1038,90,34
242,1024,926,75,31
243,1228,1404,60,34
244,2140,2162,100,16
245,1781,1563,70,27
246,1230,1210,100,15
247,177,190,100,35
248,1859,1341,95,8
249,452,1071,80,7
250,2242,2137,100,40
251,2051,2228,50,24
252,800,1087,75,37
253,1874,1257,85,25
254,1847,2231,65,3
255,2100,2133,100,11
256,2294,2044,95,28
257,1234,1757,55,19
258,844,532,95,40
259,1081,1844,100,50
260,1394,1964,50,45
261,1216,861,95,21
262,1785,1539,55,29
263,2172,2064,85,38
264,728,523,75,42
265,2199,2220,100,12
266,1342,1287,100,4
267,2182,1646,60,31
268,1373,1713,95,34
269,230,850,95,45
270,1794,1879,55,19
271,2164,2300,75,18
272,1891,1321,90,7
273,2283,467,55,37
274,2024,2028,95,9
275,953,1140,85,42
276,582,2173,60,34
277,491,84,70,23
278,2287,1489,90,21
279,1378,1841,90,49
280,2126,2161,85,19
281,1110,414,95,18
282,1374,1891,50,4
283,1931,1568,95,13
284,2294,1769,80,13
285,99,284,90,35
286,1588,1481,80,24
287,2242,2050,90,3
288,1774,2067,85,44
289,2269,960,60,3
290,2038,1939,50,37
291,1791,2062,100,44
292,1323,1278,50,24
293,1464,1461,85,3
294,2042,2053,55,38
295,2031,1181,85,20
296,1377,1950,65,50
297,1418,1950,100,44
298,2095,1447,75,30
299,2248,2150,75,45
300,2254,2235,60,44
301,2175,497,95,10
302,322,178,75,24
303,2285,2016,75,42
304,340,832,80,34
305,2031,2210,50,46
306,1946,1220,90,19
307,1570,1937,80,40
308,2293,740,50,2
309,1515,1613,55,23
310,2272,2069,100,37
311,2008,387,55,10
312,2242,2005,65,26
313,2229,96,60,19
314,1996,2032,60,20
315,2214,2223,95,43
316,2116,2085,100,20
317,2018,2293,85,45
318,2140,1034,50,2
319,892,1008,60,24
320,2226,2210,55,38
321,840,2178,50,27
322,1494,1890,100,30
323,1638,965,60,21
324,2142,2046,70,29
325,2083,2258,50,41
326,2139,2256,75,32
327,1204,1242,85,12
328,1984,1336,70,36
329,381,896,85,33
330,1432,2030,70,31
331,2200,2131,80,17
332,1654,1429,50,45
333,2017,2237,90,15
334,1995,1979,75,30
335,1433,1544,60,44
336,2176,2076,90,40
337,1677,1610,50,41
338,1326,1329,55,45
339,2103,2247,50,4
340,2013,2032,80,17
341,1415,1610,70,43
342,1815,1414,85,21
343,1645,1437,100,45
344,1333,1354,55,34
345,1914,1610,50,18
346,2119,2239,60,4
347,1019,362,100,11
348,2107,2053,60,14
349,966,109,50,22
350,2300,2160,95,32
351,515,70,75,31
352,1212,1474,65,15
353,403,254,80,37
354,2264,2108,100,50
355,1609,1850,60,34
356,262,738,85,26
357,2007,2138,75,30
358,1304,1807,75,48
359,2191,2059,75,24
360,1786,1875,60,23
361,791,606,90,28
362,2183,2158,90,22
363,2074,2050,80,36
364,2277,2114,75,3
365,2081,2223,80,50
366,1412,1931,80,19
367,1403,1864,90,32
368,2268,1743,90,12
369,539,272,100,27
370,2110,2293,70,34
371,2234,2240,85,9
372,2109,165,65,4
373,488,338,50,5
374,2192,2298,60,23
375,1898,62,75,18
376,812,893,80,43
377,2269,2208,70,23
378,826,938,65,17
379,1707,1628,70,30
380,1782,1791,95,34
381,1453,1346,75,10
382,1942,1831,95,18
383,2001,2119,100,42
384,636,301,90,20
385,1357,212,70,31
386,2206,2124,50,20
387,1787,850,55,46
388,2132,2173,70,25
389,1406,1140,50,23
390,1962,1493,100,49
391,1998,1879,80,15
392,153,963,65,32
393,1423,1233,50,29
394,2047,2009,95,23
395,2240,2105,100,8
396,1427,1900,55,35
397,719,800,55,39
398,1410,1938,80,43
399,349,419,55,14
400,2232,2138,90,43
401,2034,2219,85,25
402,197,1189,100,41
403,2006,2155,75,22
404,1606,1938,95,19
405,906,2107,60,13
406,1993,1988,95,35
407,2102,2241,55,44
408,2186,2144,65,17
409,1260,1832,100,11
410,2102,2254,70,6
411,1500,1990,95,44
412,2188,2287,95,31
413,1559,1970,85,48
414,557,858,55,7
415,2154,2131,90,2
416,479,2277,55,47
417,2030,2167,80,30
418,2016,2170,85,20
419,1290,1767,65,26
420,2156,2231,50,18
421,2271,2277,90,41
422,1481,1452,50,39
423,1821,826,90,23
424,2110,2258,95,11
425,663,119,85,8
426,1048,1169,70,16
427,2200,2144,100,28
428,2085,2136,95,19
429,1567,515,85,18
430,2169,2091,95,15
431,729,2200,100,21
432,1034,926,85,26
433,2280,2024,90,36
434,1630,1837,95,15
435,1201,1507,90,28
436,435,977,55,27
437,1483,1671,100,49
438,2063,2042,55,46
439,364,238,90,44
440,1177,2208,85,31
441,1765,1619,80,21
442,2036,2289,75,35
443,252,1522,100,5
444,441,444,90,20
445,2213,2206,65,7
446,1056,643,95,28
447,54,343,100,22
448,1398,1732,60,48
449,141,378,55,46
450,1755,190,85,38
451,2198,186,50,42
452,2291,2297,50,22
453,1841,1942,65,44
454,1545,1324,55,10
455,2114,2296,80,3
456,1284,1714,75,22
457,2253,2040,85,21
458,2006,2160,50,10
459,418,334,100,36
460,2188,2009,70,23
461,2052,2217,95,25
462,2113,2107,90,50
463,1181,1562,85,29
464,87,1153,95,22
465,1882,107,75,38
466,150,1683,55,42
467,2285,2179,60,28
468,2230,2131,90,7
469,1610,1309,65,4
470,849,269,85,35
471,2118,2031,65,30
472,2038,1640,65,8
473,2048,2087,90,46
474,2221,2025,65,24
475,168,2063,95,21
476,472,454,55,12
477,665,732,65,50
478,2261,2254,70,22
479,122,879,95,47
480,236,583,60,14
481,1641,2285,60,25
482,2054,2011,90,5
483,2056,1785,60,20
484,2025,2148,75,22
485,1368,1292,85,6
486,445,865,55,26
487,830,562,60,46
488,2286,2007,85,19
489,2209,2022,65,23
490,2256,210,55,20
491,2121,2140,95,10
492,1470,1488,90,28
493,1231,1614,65,10
494,2171,2257,85,46
495,936,538,50,11
496,1809,1771,65,8
497,2280,2179,85,18
498,998,529,100,4
499,1281,1513,60,35
500,2009,2149,55,4
501,1867,1654,80,2
502,391,1891,100,33
503,2148,2233,80,16
504,1820,1288,70,19
505,1246,197,65,15
506,1708,1343,70,45
507,2206,2064,80,2
508,1889,1930,60,43
509,2164,2299,80,15
510,794,2067,65,48
511,1598,1287,75,27
512,1597,1341,70,6
513,2205,2223,80,42
514,632,1070,60,39
515,1762,1809,90,44
516,2248,1867,85,4
517,1579,1588,60,23
518,1964,1703,60,8
519,1362,129,75,48
520,1412,178,55,19
521,661,304,100,42
522,697,311,65,24
523,2200,2018,55,32
524,1964,1736,60,43
525,1600,2033,65,44
526,742,116,80,34
527,17,738,75,4
528,408,1986,70,48
529,2061,2264,100,21
530,1218,1538,90,25
531,2118,2148,60,26
532,307,260,50,42
533,2064,2004,60,48
534,1186,555,65,23
535,2056,568,70,43
536,2144,64,85,11
537,2263,1428,60,18
538,954,987,50,22
539,2078,2156,75,17
540,198,236,50,50
541,2076,2117,80,6
542,1838,1780,55,16
543,2258,224,95,3
544,1161,785,50,19
545,1367,1619,75,43
546,1732,1991,90,40
547,1423,1896,60,32
548,2243,2232,75,42
549,1628,437,60,14
550,1715,1736,70,5
551,1012,2077,90,33
552,1966,1391,50,50
553,1408,1535,75,28
554,1740,1896,90,44
555,1134,52,65,16
556,516,689,75,25
557,2270,2096,75,27
558,1363,1208,65,34
559,1246,2273,75,39
560,2254,2154,90,6
561,2257,2229,90,11
562,2067,2029,90,18
563,1413,1274,65,41
564,799,1138,95,30
565,211,761,70,35
566,2070,2203,80,39
567,2018,2247,90,4
568,2132,540,50,24
569,2063,2008,75,33
570,587,1565,65,14
571,2196,2157,90,2
572,1520,1478,85,41
573,981,2050,60,27
574,2117,1433,100,26
575,1662,2085,50,38
576,2240,2015,100,20
577,422,620,50,21
578,2278,2183,70,31
579,2048,2244,75,3
580,268,237,55,31
581,2079,2256,75,2
582,935,896,75,28
583,2108,440,100,27
584,382,470,75,22
585,1242,2225,90,40
586,1412,1903,95,42
587,1950,1956,50,43
588,2203,1138,80,22
589,1683,1941,90,27
590,1671,37,95,33
591,1621,1981,60,12
592,8,921,65,12
593,2072,2083,70,13
594,2062,371,50,18
595,2276,2066,65,3
596,1032,851,50,27
597,2247,1138,65,46
598,1337,1637,55,38
599,422,405,55,4
600,1998,2185,80,38
601,1784,1371,85,8
602,824,822,65,26
603,1234,1480,65,23
604,194,373,95,7
605,2136,2106,100,7
606,2297,1776,70,47
607,2159,2222,60,5
608,536,372,60,37
609,1968,1441,80,8
610,2046,2243,60,11
611,629,1146,65,12
612,771,517,90,28
613,2049,2043,100,50
614,2174,2297,55,19
615,1956,1766,50,47
616,2127,2256,60,42
617,214,428,70,23
618,1399,1906,70,10
619,2255,2091,60,18
620,1638,1733,95,11
621,1575,1782,60,20
622,2218,2037,65,3
623,1292,1698,60,16
624,2038,2300,60,46
625,2013,2281,50,2
626,1384,1643,50,8
627,394,411,65,10
628,1004,832,85,35
629,68,193,95,12
630,218,685,90,44
631,631,580,100,12
632,846,515,70,44
633,153,536,65,23
634,2045,6,50,43
635,2050,1594,95,33
636,1672,1921,95,8
637,1844,1875,65,23
638,702,986,65,50
639,2014,2196,60,40
640,2196,2237,75,26
641,1663,1386,55,42
642,2061,1247,85,28
643,372,1643,60,39
644,2089,2030,70,49
645,1782,1780,90,19
646,547,744,80,49
647,1307,1881,85,26
648,2186,1899,70,5
649,322,1002,90,50
650,237,688,95,31
651,2050,2239,85,39
652,375,848,75,15
653,2218,2261,80,6
654,2283,2275,70,2
655,2033,1236,90,14
656,2243,1406,50,43
657,2246,1806,85,4
658,399,842,95,5
659,1253,1373,80,17
660,1004,811,65,26
661,2180,1809,50,10
662,1954,1543,85,14
663,2199,2198,55,48
664,2136,2227,75,29
665,1563,1844,85,48
666,908,1459,60,28
667,2067,519,55,33
668,1448,1654,65,29
669,2003,2287,60,39
670,2269,2204,60,20
671,530,682,75,40
672,716,1487,100,36
673,988,1076,95,32
674,1090,443,85,31
675,2191,2207,65,36
676,248,508,60,46
677,1511,1959,70,14
678,2142,2015,90,11
679,1415,1257,55,19
680,1561,3,80,12
681,1424,1381,95,12
682,2016,1522,60,13
683,2073,2209,60,35
684,1092,926,65,14
685,1411,1407,90,48
686,1638,2137,55,14
687,1643,1964,90,22
688,280,995,60,48
689,2243,2136,60,15
690,2076,2028,75,40
691,2146,2036,50,26
692,44,367,60,33
693,1246,1695,100,3
694,672,2059,95,47
695,2135,2237,70,4
696,2241,2104,100,8
697,45,875,70,21
698,1421,1530,55,12
699,2191,2139,70,23
700,1741,1805,60,13
701,1224,1553,95,11
702,2094,2210,70,25
703,1230,1944,80,30
704,2241,2172,100,3
705,1262,1693,90,44
706,2278,2062,100,38
707,2123,818,65,38
708,225,2066,65,46
709,1460,1573,100,24
710,2267,2153,50,19
711,425,2128,80,12
712,2229,2005,95,46
713,2259,2006,65,14
714,92,829,100,31
715,1231,876,70,9
716,1237,1666,75,14
717,2155,2226,75,37
718,1725,1401,65,15
719,1060,1988,90,30
720,887,673,90,43
721,2004,2150,95,25
722,2246,379,95,7
723,2006,2097,95,3
724,1768,1719,75,17
725,2200,2132,50,39
726,877,1009,100,49
727,1965,1840,70,23
728,1468,1474,90,32
729,69,945,75,38
730,1647,1206,75,5
731,1634,111,90,46
732,1363,1412,60,24
733,2067,824,85,10
734,44,339,65,13
735,1451,61,100,14
736,2061,2181,50,2
737,369,949,85,2
738,53,241,90,28
739,2183,2111,55,37
740,1205,1223,80,40
741,161,1089,70,34
742,788,1060,70,27
743,617,1083,100,31
744,2291,487,70,31
745,609,1744,100,50
746,1423,1729,75,12
747,1815,1658,95,8
748,2139,675,70,37
749,1443,1739,65,49
750,1749,322,75,43
751,2097,2264,80,25
752,1801,728,50,37
753,704,2095,100,26
754,1679,2215,95,10
755,2041,2173,100,10
756,2125,110,85,44
757,867,2169,50,49
758,1714,2233,60,23
759,2174,2008,60,45
760,667,63,100,25
761,523,591,100,44
762,1243,1444,70,42
763,846,1810,55,9
764,1915,2108,100,5
765,1721,1724,75,24
766,1040,275,80,13
767,1650,1995,100,21
768,1987,1663,55,11
769,1479,1582,80,44
770,758,582,80,30
771,917,2076,80,43
772,2248,963,90,3
773,1011,128,100,38
774,1573,1815,70,5
775,2292,1905,75,38
776,1472,1937,80,21
777,874,1336,85,4
778,2175,2216,65,14
779,1321,1358,80,19
780,2114,2176,60,20
781,883,1658,75,50
782,2011,2193,65,47
783,314,1006,60,3
784,1607,1570,80,22
785,580,754,70,48
786,2142,212,65,10
787,2026,2029,80,42
788,1545,1770,55,20
789,1562,1565,65,21
790,1573,1646,50,46
791,1144,1880,100,15
792,1874,1696,85,6
793,1625,1722,75,11
794,2183,2004,70,14
795,2298,2047,55,4
796,1978,1935,95,6
797,163,971,75,45
798,1897,1683,80,36
799,192,1186,65,43
800,457,801,50,41
801,497,141,75,17
802,1237,1737,55,49
803,2260,2280,60,12
804,2013,2046,75,12
805,1981,1766,80,19
806,191,222,95,30
807,355,90,70,30
808,1250,1234,90,31
809,487,445,50,29
810,1712,88,85,43
811,484,1113,100,44
812,1732,1374,80,20
813,1091,2109,70,12
814,1661,1733,90,28
815,1992,1664,100,16
816,560,277,50,31
817,2120,2154,100,49
818,381,603,50,31
819,1646,1500,90,7
820,846,629,50,48
821,528,949,55,48
822,341,1014,50,8
823,1617,1446,60,20
824,2168,2266,70,35
825,2282,2243,50,25
826,1480,1825,80,40
827,1598,1740,100,21
828,627,527,60,8
829,2112,2292,55,49
830,1456,1295,90,32
831,1348,2101,70,47
832,313,776,95,43
833,2006,2285,50,3
834,1598,2200,70,18
835,2033,2063,95,6
836,2094,2072,50,44
837,498,280,50,30
838,2252,2071,60,46
839,464,958,65,46
840,1924,1772,55,48
841,793,132,70,38
842,1704,1509,60,3
843,2168,2254,70,38
844,544,676,95,15
845,1903,1534,50,47
846,1879,1609,80,20
847,2191,2236,50,18
848,2002,2028,55,10
849,1953,270,55,5
850,2136,2110,85,4
851,75,1577,100,19
852,1645,1564,100,15
853,1460,1382,55,3
854,1355,1290,75,25
855,2227,1457,50,15
856,756,282,55,25
857,1285,1847,90,34
858,2271,2178,85,37
859,2012,2175,75,4
860,2052,2121,80,28
861,2164,2026,50,29
862,2135,2097,85,24
863,1153,2257,100,9
864,2143,264,70,9
865,2050,2001,70,35
866,2259,2040,65,24
867,1245,1240,55,23
868,167,1083,80,3
869,1871,1998,95,24
870,1986,2209,55,19
871,2011,2171,60,31
872,1921,370,85,5
873,2220,2049,100,11
874,1525,1032,55,23
875,13,1843,65,36
876,2188,2064,80,9
877,1279,1212,55,23
878,287,223,55,9
879,2234,2148,55,47
880,942,226,80,13
881,1445,1359,85,8
882,170,259,70,15
883,179,368,75,41
884,1560,1608,65,18
885,178,1624,55,4
886,1223,2215,80,8
887,1665,1534,100,28
888,863,936,75,2
889,496,2208,100,18
890,1966,1259,85,13
891,2161,2058,75,24
892,1967,1902,65,9
893,2022,1637,50,33
894,1674,1278,65,33
895,171,1071,55,13
896,1665,1905,60,2
897,494,748,85,11
898,1177,471,75,48
899,35,759,50,36
900,1952,1797,100,21
901,858,678,75,48
902,906,1192,60,21
903,222,1082,50,37
904,556,362,90,29
905,1623,1968,50,49
906,1844,1901,95,29
907,1175,51,100,39
908,624,141,60,22
909,2166,625,65,17
910,648,202,80,4
911,390,583,55,45
912,1941,1454,50,39
913,1408,1983,100,41
914,1694,1926,95,17
915,2155,2100,55,39
916,6,1184,55,47
917,1616,540,70,5
918,1234,1856,50,40
919,948,22,95,45
920,2226,1263,90,9
921,699,348,60,48
922,2115,2109,95,30
923,2048,1660,55,39
924,2192,2195,60,44
925,1588,1820,100,13
926,727,194,90,35
927,2122,2289,85,21
928,2036,2030,55,23
929,2186,2043,95,18
930,2281,2097,95,11
931,2038,2250,75,18
932,1495,1860,100,14
933,2132,2154,70,47
934,1922,1935,75,4
935,1958,685,60,27
936,1679,1222,80,18
937,1578,1207,100,13
938,1385,1213,85,17
939,2165,2218,90,47
940,2094,2231,80,42
941,2082,2211,95,27
942,785,133,80,19
943,1725,1221,90,6
944,452,893,55,4
945,2143,1171,75,6
946,2035,2240,60,38
947,279,1024,100,48
948,2087,2271,60,46
949,2269,2237,85,11
950,1708,1251,70,14
951,2238,2069,50,49
952,2067,2052,80,33
953,1638,1864,85,33
954,2206,2157,95,35
955,1661,1408,65,44
956,2186,2200,80,31
957,2058,2086,85,34
958,1324,1410,55,2
959,1166,942,85,2
960,2272,2090,90,46
961,1016,731,60,18
962,1965,1473,50,34
963,2243,1394,95,16
964,1129,268,100,24
965,1945,1709,55,47
966,1489,1712,65,14
967,766,683,55,24
968,1422,1750,85,38
969,1819,1793,60,5
970,364,719,90,13
971,165,410,100,17
972,1461,1637,80,26
973,305,782,55,47
974,183,2292,80,43
975,2295,2097,60,3
976,77,436,55,30
977,1137,980,60,39
978,658,806,75,48
979,2245,2192,55,45
980,1540,1383,60,26
981,110,279,100,27
982,1995,1763,50,45
983,1327,2059,90,28
984,826,404,95,29
985,1326,1663,55,7
986,262,282,50,37
987,903,943,70,2
988,1209,1451,100,17
989,1903,1939,95,3
990,1864,2029,95,13
991,1910,1877,100,43
992,2000,1777,100,32
993,1409,1276,80,32
994,2109,1510,65,50
995,717,508,80,3
996,2040,2036,90,28
997,1561,1233,65,15
998,324,1252,65,39
999,2018,2097,95,43
1000,2192,2231,75,4
1001,1391,1827,80,27
1002,1181,206,80,43
1003,1672,1205,85,29
1004,2167,1217,50,47
1005,1434,1993,75,24
1006,2137,1309,50,35
1007,2035,2009,100,3
1008,1999,1967,100,4
1009,1838,1398,75,5
1010,2077,2059,100,40
1011,146,2259,50,37
1012,2213,2059,65,4
1013,503,758,80,42
1014,1416,1742,95,13
1015,2040,2052,75,5
1016,2256,2020,95,50
1017,1859,190,90,4
1018,1366,2197,75,25
1019,1532,1491,80,20
1020,7,365,70,6
1021,514,1599,95,38
1022,2087,2074,70,6
1023,2146,2003,60,18
1024,911,505,65,28
1025,566,789,55,27
1026,698,531,50,25
1027,104,855,50,46
1028,1169,1077,60,40
1029,1184,1993,100,50
1030,1395,1546,95,41
1031,1848,1981,50,30
1032,2091,2001,80,7
1033,219,1700,95,9
1034,785,1054,100,34
1035,2173,2224,55,49
1036,1083,688,70,41
1037,448,404,90,15
1038,1949,1213,80,33
1039,1812,1269,90,18
1040,1914,1978,95,2
1041,2225,203,65,10
1042,2243,2281,55,30
1043,675,364,85,19
1044,1807,1383,95,46
1045,2060,2053,55,9
1046,1169,1194,85,29
1047,1316,2149,85,23
1048,173,444,75,3
1049,1921,2204,100,4
1050,2298,248,70,14
1051,845,659,85,23
1052,333,63,100,14
1053,1244,1356,55,23
1054,2155,2158,85,24
1055,2263,2267,100,44
1056,1840,1505,60,13
1057,2278,2076,95,22
1058,2064,2127,50,47
1059,1885,1535,90,17
1060,640,1480,90,27
1061,2064,2161,50,14
1062,233,1147,95,5
1063,202,391,65,29
1064,1341,1423,85,20
1065,1747,1986,90,29
1066,594,375,85,25
1067,2007,2065,80,32
1068,2129,2203,75,15
1069,1689,1284,75,6
1070,21,286,75,17
1071,1363,1448,70,44
1072,1241,1659,85,20
1073,637,276,65,40
1074,2102,2275,60,33
1075,2219,2203,50,35
1076,1753,1023,55,12
1077,154,82,50,31
1078,1383,1500,90,4
1079,74,2190,50,15
1080,1010,2075,85,36
1081,1341,1553,55,2
1082,1555,1497,55,2
1083,1883,2273,65,42
1084,365,995,60,2
1085,1972,2120,90,11
1086,1917,1390,65,18
1087,2053,2283,55,27
1088,2296,2098,50,40
1089,2086,941,100,41
1090,1729,1222,50,38
1091,2021,2141,85,24
1092,722,936,85,47
1093,162,1068,90,36
1094,1793,1441,75,9
1095,874,1185,80,27
1096,2042,2098,55,38
1097,1925,1679,50,33
1098,1208,1681,80,18
1099,2254,982,70,19
1100,2286,2283,95,5
1101,1403,1555,70,16
1102,2214,2213,95,20
1103,487,1120,100,47
1104,1766,1487,80,47
1105,1967,1376,55,29
1106,1797,1541,100,11
1107,387,71,60,46
1108,2035,2180,60,31
1109,2212,2107,85,10
1110,1313,1966,80,8
1111,54,842,50,23
1112,1310,1889,70,43
1113,1435,1612,50,12
1114,2006,2172,80,3
1115,1267,1704,60,35
1116,289,486,100,21
1117,1919,1699,80,24
1118,1927,407,75,39
1119,2042,2226,60,7
1120,2292,2118,90,39
1121,1891,1654,75,26
1122,2164,2072,90,34
1123,650,1796,80,18
1124,1423,1273,95,38
1125,2106,2123,65,14
1126,1032,2207,100,39
1127,111,885,85,19
1128,1796,1466,75,14
1129,55,482,95,6
1130,2261,39,90,4
1131,1505,1761,60,16
1132,2079,2156,90,20
1133,1225,1758,90,30
1134,276,1061,80,7
1135,1265,1635,100,21
1136,1746,1657,70,18
1137,2099,2095,65,48
1138,1782,1822,65,44
1139,430,263,100,30
1140,1860,638,65,26
1141,1419,1942,100,43
1142,1333,1307,50,41
1143,1268,1247,50,34
1144,1268,25,75,30
1145,409,250,75,16
1146,1542,1964,85,40
1147,1337,1249,70,30
1148,262,476,80,50
1149,1634,1974,65,8
1150,2067,1873,90,47
1151,2000,1279,65,43
1152,2287,2299,70,13
1153,2284,2233,95,3
1154,1954,1649,50,12
1155,984,2238,70,39
1156,437,1100,60,43
1157,2115,2234,85,36
1158,86,569,75,12
1159,80,564,65,20
1160,2130,2164,80,48
1161,2210,2262,100,7
1162,935,2115,75,6
1163,2285,2016,60,9
1164,2207,2160,80,33
1165,508,220,80,49
1166,1527,1723,50,35
1167,1165,218,95,28
1168,2167,2123,50,7
1169,2072,2017,50,26
1170,1514,1816,80,22
1171,1196,375,90,41
1172,2289,2162,85,34
1173,1434,1729,100,12
1174,1668,1209,70,10
1175,959,153,75,28
1176,940,1145,75,37
1177,113,710,60,50
1178,2179,2173,95,15
1179,2164,2137,90,23
1180,922,1058,70,46
1181,2212,2234,100,4
1182,2270,2276,100,44
1183,2070,217,70,48
1184,80,933,70,42
1185,2005,2142,75,3
1186,2159,2254,65,38
1187,256,356,90,27
1188,909,752,65,35
1189,2008,2144,65,49
1190,637,1131,70,26
1191,1284,1735,80,40
1192,1353,1644,50,35
1193,1508,1710,55,18
1194,1777,1762,70,40
1195,236,33,90,27
1196,2239,1998,50,10
1197,322,669,95,47
1198,585,602,80,23
1199,950,501,65,13
1200,1876,1634,100,37
1201,2248,2132,65,6
1202,2031,2110,75,44
1203,535,467,65,3
1204,951,906,85,3
1205,2257,2294,85,40
1206,1788,1365,55,41
1207,579,1081,50,20
1208,2099,2031,90,46
1209,1987,1496,85,35
1210,172,542,80,3
1211,341,950,55,24
1212,973,117,50,34
1213,1448,1978,100,16
1214,317,726,65,19
1215,2108,1590,75,6
1216,318,421,60,40
1217,1465,1312,90,11
1218,56,282,95,43
1219,1002,210,70,24
1220,1866,1798,70,50
1221,739,264,55,34
1222,2159,2136,65,14
1223,1649,1870,85,37
1224,749,2103,90,8
1225,2070,2162,70,43
1226,254,839,85,50
1227,2161,2293,70,11
1228,1477,1953,75,3
1229,2044,2274,85,21
1230,1523,1415,65,35
1231,1749,1358,60,4
1232,756,123,65,40
1233,1827,1795,75,45
1234,2017,1388,50,43
1235,400,712,50,30
1236,2118,2179,90,29
1237,2106,2171,85,30
1238,1061,2016,75,23
1239,1524,1247,50,4
1240,2300,924,75,14
1241,1567,371,75,32
1242,2243,2253,100,42
1243,1493,1998,80,47
1244,2136,1802,50,43
1245,1638,1490,65,27
1246,18,1596,85,15
1247,2070,2200,65,26
1248,1329,1960,55,19
1249,1574,1413,60,18
1250,2117,2288,85,19
1251,2149,2195,55,24
1252,287,249,55,29
1253,1225,1680,65,11
1254,1460,1563,95,22
1255,2223,2023,80,28
1256,1262,1788,55,43
1257,2073,518,70,34
1258,1778,1347,60,46
1259,739,214,70,43
1260,1407,1328,65,28
1261,446,270,70,36
1262,2119,2300,75,6
1263,2261,2272,85,35
1264,1359,1671,60,46
1265,1360,1903,85,45
1266,1712,542,75,49
1267,2135,2173,85,32
1268,1916,2182,65,5
1269,1668,1951,80,6
1270,355,919,70,27
1271,2056,2253,50,7
1272,1898,1946,85,44
1273,219,1742,70,7
1274,574,49,95,26
1275,2107,2202,70,3
1276,794,1305,50,5
1277,1928,1232,95,11
1278,1242,1485,75,28
1279,1545,1880,100,34
1280,335,1132,65,45
1281,2041,2063,75,40
1282,1340,269,100,29
1283,2083,2020,60,30
1284,2150,2174,90,17
1285,1078,277,100,37
1286,1703,1694,85,32
1287,423,431,85,26
1288,1423,1971,75,18
1289,2234,2100,50,10
1290,903,1066,65,21
1291,2297,1392,85,50
1292,1323,1243,55,20
1293,1202,1702,75,9
1294,139,528,65,30
1295,2129,2268,70,44
1296,2196,2176,50,10
1297,1270,1570,90,43
1298,1315,54,60,28
1299,1148,1163,75,43
1300,1139,929,80,23
1301,2291,2186,60,38
1302,2108,2120,65,44
1303,216,267,80,32
1304,564,176,75,26
1305,2175,2027,60,31
1306,930,2192,75,50
1307,2014,2270,70,23
1308,2010,2001,100,18
1309,1355,1377,50,16
1310,2245,2044,70,39
1311,1197,2143,100,34
1312,663,1168,95,17
1313,270,481,95,30
1314,1836,1999,75,41
1315,2180,1318,75,23
1316,1836,1231,65,27
1317,29,1129,100,21
1318,889,7,100,12
1319,1677,689,60,45
1320,2144,2063,50,39
1321,1052,1841,70,30
1322,1866,1558,50,23
1323,1533,1549,70,18
1324,1206,1802,85,27
1325,622,687,75,34
1326,2225,2091,65,41
1327,1499,2202,100,47
1328,1028,880,50,6
1329,81,632,90,48
1330,1134,554,100,31
1331,1248,1899,80,46
1332,1309,998,95,12
1333,1399,2152,85,5
1334,1176,587,70,17
1335,2194,2230,90,36
1336,905,1139,75,48
1337,2289,1724,60,35
1338,2185,2273,85,6
1339,1836,1278,75,46
1340,895,1669,90,16
1341,1497,1294,70,43
1342,2121,2297,100,19
1343,2163,2111,65,3
1344,149,328,60,39
1345,225,884,95,46
1346,1893,1887,100,31
1347,530,506,65,37
1348,1215,2139,75,21
1349,1241,1695,70,13
1350,797,706,70,5
1351,2229,2192,60,41
1352,2092,2222,70,36
1353,2082,2241,50,21
1354,1345,746,80,34
1355,1390,1275,90,26
1356,10,56,100,41
1357,1669,1876,90,42
1358,2179,2059,95,4
1359,625,372,90,47
1360,1590,1221,85,27
1361,2001,2171,65,18
1362,64,415,100,13
1363,1452,831,85,12
1364,257,1056,70,30
1365,2275,2137,85,8
1366,2228,2226,55,24
1367,1021,2023,85,37
1368,1022,558,85,14
1369,491,1454,85,36
1370,163,1948,55,23
1371,1597,1147,80,9
1372,2196,2123,80,12
1373,2235,2224,55,49
1374,733,979,85,15
1375,1207,1957,80,32
1376,1714,1648,55,17
1377,2077,2149,90,48
1378,2256,2158,85,14
1379,1002,1037,55,20
1380,131,514,50,46
1381,2258,2257,100,15
1382,1413,1926,55,38
1383,2089,2043,55,27
1384,420,449,80,28
1385,2269,2082,55,29
1386,2013,2008,60,21
1387,434,284,100,44
1388,593,560,80,41
1389,1573,545,90,35
1390,1866,1913,95,43
1391,608,647,80,32
1392,2119,2296,80,13
1393,824,636,55,34
1394,2206,2252,60,13
1395,2198,1611,70,31
1396,1776,723,95,42
1397,2176,2072,100,13
1398,1538,1529,60,18
1399,745,1264,85,27
1400,2276,2266,100,37
1401,1144,1027,80,30
1402,959,739,50,45
1403,1346,1371,85,8
1404,1135,741,80,30
1405,1822,1375,55,42
1406,2240,2119,70,35
1407,1903,1483,100,38
1408,1691,1344,75,31
1409,1408,1799,95,11
1410,180,527,75,31
1411,183,1115,90,25
1412,2123,2124,60,14
1413,539,2011,75,11
1414,1714,1745,95,34
1415,2256,2164,50,3
1416,2149,2183,95,14
1417,1307,1552,70,50
1418,844,937,55,16
1419,1736,2109,85,17
1420,1786,1760,70,23
1421,2234,2046,70,10
1422,1558,1607,70,32
1423,2127,1873,55,6
1424,2276,1648,75,22
1425,951,1094,90,13
1426,1597,2024,60,6
1427,2299,2057,90,9
1428,2222,2067,95,23
1429,1818,1514,55,30
1430,1921,1373,55,40
1431,1901,1750,50,30
1432,1738,1571,50,29
1433,1669,2098,85,32
1434,2025,2047,100,29
1435,1013,2040,100,40
1436,641,261,65,9
1437,931,2082,65,8
1438,255,749,80,21
1439,2022,2141,75,17
1440,2088,1513,90,14
1441,2214,1906,65,27
1442,193,801,70,12
1443,1423,1848,75,22
1444,2109,2181,50,16
1445,590,387,75,17
1446,1332,1531,65,46
1447,2047,2142,60,48
1448,1013,643,55,4
1449,2270,2146,55,12
1450,1364,1263,75,21
1451,1742,1505,80,30
1452,1251,1700,75,40
1453,435,506,55,20
1454,2300,1158,95,39
1455,1226,1344,100,40
1456,620,415,75,38
1457,2007,2240,85,32
1458,2286,2090,50,16
1459,1920,1907,55,46
1460,1002,973,85,2
1461,1003,894,75,29
1462,1652,1608,90,44
1463,909,732,60,25
1464,692,657,90,14
1465,591,959,60,4
1466,833,1639,55,19
1467,2127,2298,65,23
1468,2066,2137,70,25
1469,2027,2072,80,14
1470,1858,202,80,32
1471,1428,1852,95,34
1472,895,323,90,45
1473,2277,2170,65,29
1474,1658,1685,90,29
1475,2290,2036,65,28
1476,2114,922,100,21
1477,2076,905,100,21
1478,1162,743,70,39
1479,2045,2148,90,9
1480,802,2167,50,44
1481,8,566,80,14
1482,515,1421,60,28
1483,1458,1416,85,50
1484,2048,1459,65,38
1485,2004,2029,60,42
1486,339,905,50,26
1487,2123,2164,50,19
1488,2025,2260,60,39
1489,1528,2247,70,11
1490,2112,2097,95,41
1491,1424,1241,60,50
1492,2023,2031,55,7
1493,288,701,95,13
1494,1861,1688,70,30
1495,1624,2062,70,15
1496,2159,2237,100,50
1497,593,562,100,23
1498,2113,377,50,29
1499,1563,1865,95,44
1500,2212,2271,85,36
1501,685,608,60,5
1502,2103,2171,95,39
1503,1707,1409,65,34
1504,1055,751,85,10
1505,2256,2203,55,8
1506,1568,1921,60,3
1507,86,469,65,34
1508,1962,1523,60,48
1509,2203,2140,95,41
1510,2072,2046,90,14
1511,377,262,95,50
1512,2136,2174,95,4
1513,2189,2102,55,25
1514,471,993,50,44
1515,560,144,100,25
1516,1515,1420,95,24
1517,2242,2024,70,33
1518,997,318,80,7
1519,2074,2063,80,37
1520,741,305,50,48
1521,2098,2079,100,26
1522,2190,2017,90,4
1523,2157,2291,65,4
1524,1141,534,70,48
1525,1894,1862,50,2
1526,1403,1818,75,45
1527,2240,2276,70,28
1528,2256,1613,90,3
1529,2013,2026,55,46
1530,1360,2160,65,9
1531,1602,1587,70,15
1532,2288,2114,65,28
1533,2003,2290,50,24
1534,1061,837,85,18
1535,2183,2009,65,13
1536,1794,1386,55,49
1537,2219,2085,55,9
1538,773,779,75,19
1539,432,293,95,23
1540,2082,2250,95,42
1541,1936,1623,100,43
1542,2243,113,95,10
1543,1679,1382,95,7
1544,2124,2130,100,32
1545,1627,1608,95,49
1546,1303,1506,55,40
1547,2198,2045,80,41
1548,1726,1606,100,5
1549,2198,2267,95,6
1550,1831,1374,65,26
1551,1819,1461,70,6
1552,738,2043,85,43
1553,1837,1925,80,22
1554,471,614,95,10
1555,2277,2117,50,25
1556,208,1116,95,21
1557,249,810,90,42
1558,549,961,65,27
1559,277,417,50,38
1560,1817,1454,50,6
1561,2283,2002,80,35
1562,2081,2082,50,8
1563,441,1299,55,23
1564,1385,1232,100,15
1565,493,1188,80,3
1566,443,150,95,26
1567,445,1896,70,15
1568,1134,364,95,21
1569,1247,1388,75,42
1570,2219,2248,65,43
1571,375,713,70,40
1572,201,935,85,15
1573,1609,1790,60,5
1574,16,12,50,39
1575,2298,2041,80,4
1576,1976,357,55,25
1577,1445,2132,65,23
1578,2059,1582,65,42
1579,233,953,50,24
1580,1345,1746,65,13
1581,110,1248,75,29
1582,2267,2005,60,21
1583,2145,1164,100,37
1584,420,344,90,49
1585,2007,2013,90,43
1586,2110,2092,90,3
1587,1119,479,70,40
1588,2180,2096,85,4
1589,1365,1570,70,28
1590,336,181,70,37
1591,895,958,75,22
1592,2149,2085,75,8
1593,2111,2086,100,27
1594,822,914,95,48
1595,887,960,65,12
1596,2275,2211,70,4
1597,2004,2092,75,50
1598,1394,1720,100,30
1599,1973,1374,100,20
1600,33,350,55,7
1601,2294,2154,100,38
1602,2174,2107,65,25
1603,580,25,65,38
1604,159,1069,55,42
1605,125,702,50,17
1606,1528,1203,90,43
1607,2164,2084,95,6
1608,1702,1658,80,27
1609,1717,1457,85,30
1610,2252,2026,100,3
1611,2117,2013,95,45
1612,1480,1876,75,11
1613,696,1045,55,34
1614,1936,1208,75,45
1615,905,343,90,26
1616,2227,2125,90,47
1617,384,2290,50,18
1618,2281,2121,65,40
1619,1311,1293,70,11
1620,396,524,95,2
1621,786,1094,50,34
1622,2021,2187,100,44
1623,1243,1611,90,39
1624,961,560,60,22
1625,1937,182,90,42
1626,2202,2140,75,32
1627,1781,1647,90,14
1628,2100,1846,95,47
1629,522,115,90,4
1630,2013,2158,65,32
1631,2042,2127,50,15
1632,2267,2062,85,32
1633,205,562,65,50
1634,1617,2256,55,11
1635,1676,1650,50,25
1636,1197,693,90,37
1637,2205,2015,80,38
1638,1164,314,100,46
1639,1633,1514,70,35
1640,1678,1977,75,15
1641,313,422,50,31
1642,1921,1559,70,35
1643,1367,2226,85,37
1644,661,389,55,14
1645,724,374,70,3
1646,2289,2285,95,24
1647,739,1029,100,9
1648,1376,1835,70,2
1649,441,696,75,5
1650,2009,2084,55,37
1651,1231,1828,55,17
1652,2206,2217,80,6
1653,2271,2158,85,4
1654,1747,1493,50,4
1655,2233,2128,70,34
1656,654,805,75,21
1657,1335,1928,100,8
1658,1615,1371,60,45
1659,970,510,65,44
1660,481,639,70,34
1661,1362,2029,55,2
1662,1452,554,95,20
1663,537,273,100,22
1664,1907,1401,60,22
1665,2176,2091,75,17
1666,1611,351,95,26
1667,2285,2215,60,22
1668,400,747,75,29
1669,1483,1473,55,19
1670,2061,2157,70,8
1671,1351,1287,60,44
1672,1548,1472,95,36
1673,166,1136,85,5
1674,1384,1841,55,5
1675,1444,1718,95,14
1676,1277,1366,100,10
1677,836,560,55,23
1678,2089,2129,60,39
1679,1383,1801,70,8
1680,2227,2089,85,29
1681,2105,2166,55,9
1682,2271,2254,55,21
1683,2292,2061,90,16
1684,126,952,60,18
1685,535,755,50,40
1686,2271,452,80,49
1687,1382,2121,75,50
1688,1772,1376,60,45
1689,2101,2040,80,6
1690,2047,2072,60,9
1691,1445,1961,80,28
1692,2197,2087,95,21
1693,2025,2037,90,7
1694,2007,1636,100,5
1695,2200,2059,50,6
1696,1810,1842,55,12
1697,2229,2159,65,16
1698,131,1063,50,9
1699,2198,693,80,31
1700,546,897,95,26
1701,2005,2053,75,25
1702,653,5,100,26
1703,167,851,100,31
1704,1980,1254,65,13
1705,1370,1772,65,37
1706,2262,1433,100,14
1707,354,124,80,34
1708,542,1123,70,8
1709,1238,1674,70,17
1710,1833,1820,70,20
1711,1468,2084,80,12
1712,139,586,60,34
1713,1340,1464,50,49
1714,2244,2115,85,18
1715,1093,2217,100,40
1716,1793,1578,100,5
1717,2165,2140,75,14
1718,1876,1682,90,45
1719,1004,1032,95,43
1720,59,697,50,23
1721,1789,1681,95,25
1722,2274,2107,50,41
1723,1217,1681,70,12
1724,2052,2021,90,43
1725,559,1097,55,29
1726,575,471,90,16
1727,699,889,80,11
1728,1087,729,75,30
1729,2210,2197,85,13
1730,859,434,55,3
1731,2240,2202,90,33
1732,1535,1284,60,31
1733,117,182,70,9
1734,798,339,50,25
1735,1519,1872,95,7
1736,1079,48,75,49
1737,708,1797,85,38
1738,2179,2120,90,49
1739,1447,1545,55,25
1740,1857,1451,75,23
1741,1983,1948,55,37
1742,1658,855,70,39
1743,1698,517,75,47
1744,2181,2080,75,12
1745,350,678,95,29
1746,2215,1669,70,17
1747,2027,2043,100,22
1748,1992,1374,60,10
1749,1970,2090,55,32
1750,2220,2168,65,10
1751,814,2255,90,21
1752,2289,2028,60,18
1753,1059,696,90,32
1754,1201,1261,100,44
1755,702,1169,60,38
1756,580,294,90,5
1757,2164,2241,100,12
1758,1113,2175,50,11
1759,988,769,95,6
1760,1365,1830,100,31
1761,640,268,60,26
1762,2086,2012,75,8
1763,2182,2073,100,43
1764,419,540,65,48
1765,1021,2270,70,11
1766,1348,1734,50,21
1767,1558,1818,100,23
1768,448,2260,85,35
1769,136,986,55,17
1770,1250,1452,55,20
1771,2119,2032,75,50
1772,1499,1489,80,10
1773,2155,2128,75,16
1774,1256,1881,50,15
1775,408,179,50,10
1776,2277,2025,70,6
1777,2035,2017,65,3
1778,1698,1943,50,9
1779,1627,701,55,15
1780,1587,1519,55,20
1781,1539,1833,80,21
1782,1033,1314,70,13
1783,2129,2104,55,20
1784,2057,2056,65,31
1785,419,1788,100,32
1786,482,101,90,45
1787,2070,2099,100,3
1788,169,422,75,23
1789,2036,2160,100,41
1790,2173,1965,60,49
1791,1224,1347,60,32
1792,886,284,85,3
1793,1595,902,100,10
1794,656,253,80,5
1795,1514,1720,70,38
1796,220,861,85,27
1797,2233,2128,95,43
1798,2145,2028,85,41
1799,1690,1373,95,49
1800,2018,2081,90,30
1801,1720,1835,60,24
1802,1987,1315,80,44
1803,2093,2275,95,29
1804,2044,2154,100,21
1805,1594,684,55,6
1806,1196,566,65,24
1807,1873,1501,50,30
1808,1444,1197,80,20
1809,1275,1580,95,41
1810,1078,770,80,30
1811,1539,1462,60,46
1812,142,1029,85,47
1813,1814,1904,80,14
1814,256,617,65,38
1815,468,868,80,34
1816,2176,2023,50,4
1817,2015,2030,85,9
1818,1883,1279,55,41
1819,2017,2254,70,33
1820,2217,2022,75,5
1821,848,201,100,24
1822,1213,1965,100,13
1823,2066,2045,60,4
1824,1559,1693,55,6
1825,1000,708,60,32
1826,1030,413,50,48
1827,2251,1904,70,11
1828,1564,107,60,46
1829,1734,1721,75,38
1830,1961,1680,65,17
1831,1574,1626,100,47
1832,863,850,60,15
1833,2155,2023,90,7
1834,1965,1445,70,16
1835,1855,1215,65,9
1836,1522,1323,80,6
1837,147,449,80,27
1838,1626,1393,95,44
1839,1581,1277,85,21
1840,1605,1822,100,21
1841,2066,2042,80,39
1842,2291,1662,85,4
1843,1979,2199,85,9
1844,2156,2270,55,40
1845,2210,2102,90,47
1846,1430,1260,95,23
1847,1843,1253,55,9
1848,797,1169,55,25
1849,1154,1950,85,36
1850,1337,1441,85,10
1851,275,989,65,39
1852,2006,2057,50,14
1853,222,186,85,9
1854,2218,2125,75,43
1855,2009,2269,75,35
1856,1432,1598,80,2
1857,356,395,60,27
1858,714,855,70,10
1859,2181,2252,65,27
1860,1836,1949,60,48
1861,2267,2159,70,23
1862,18,1927,90,36
1863,2082,2241,70,47
1864,262,632,80,49
1865,911,624,95,15
1866,1967,666,85,6
1867,2118,2175,70,31
1868,1055,2078,100,37
1869,1107,7,85,24
1870,1889,1921,50,35
1871,1718,1883,100,3
1872,138,2288,75,43
1873,2033,2053,85,42
1874,1030,161,55,6
1875,2016,2108,85,35
1876,1595,1603,70,42
1877,2156,2246,70,19
1878,505,325,50,5
1879,1796,1728,60,48
1880,395,412,85,18
1881,1251,2089,90,40
1882,2143,2016,70,12
1883,1554,406,70,21
1884,412,319,65,30
1885,2176,2065,95,15
1886,1538,2213,80,26
1887,1193,702,80,5
1888,2128,2028,70,21
1889,2233,2285,90,50
1890,258,816,80,49
1891,1838,1500,85,9
1892,2037,2257,55,36
1893,2259,2122,90,6
1894,9,152,80,6
1895,1802,1679,90,12
1896,1475,1789,85,47
1897,1944,1287,85,43
1898,1652,1624,65,20
1899,342,2069,85,31
1900,1312,1782,70,39
1901,2138,2289,80,30
1902,269,1153,90,49
1903,1795,1998,70,25
1904,2132,2164,60,31
1905,1605,1279,65,46
1906,1111,1098,65,43
1907,1549,2009,100,42
1908,1194,186,55,42
1909,2178,2205,90,35
1910,2097,2073,55,22
1911,2097,1593,80,33
1912,584,2045,75,20
1913,1232,1626,55,15
1914,2168,2118,75,19
1915,2272,2253,100,42
1916,1340,1201,75,23
1917,458,440,100,30
1918,2052,2035,95,31
1919,2219,2203,100,3
1920,1654,336,85,40
1921,909,2115,50,32
1922,1716,1430,85,43
1923,1672,207,50,21
1924,2002,2178,100,42
1925,1703,1494,75,23
1926,836,2251,65,3
1927,1467,1601,50,6
1928,500,2039,85,14
1929,2003,2175,55,18
1930,1763,1870,55,11
1931,2124,2026,85,13
1932,2258,2220,75,39
1933,330,677,60,8
1934,280,361,100,13
1935,1331,1524,95,42
1936,1997,1721,90,24
1937,2289,672,80,30
1938,1215,1293,60,18
1939,1326,1524,50,25
1940,1988,1951,75,23
1941,145,1188,100,42
1942,924,430,60,22
1943,1464,1602,55,33
1944,2119,2159,85,20
1945,1450,1612,100,36
1946,1176,67,75,29
1947,1308,1416,75,11
1948,2163,2295,100,27
1949,1073,449,70,11
1950,28,718,70,15
1951,2278,2130,85,21
1952,2090,2184,60,34
1953,178,1194,60,11
1954,724,615,50,13
1955,602,2086,60,5
1956,1265,1386,70,6
1957,1837,1840,50,28
1958,2019,2117,70,38
1959,506,1143,80,4
1960,1896,1629,85,12
1961,1848,794,80,23
1962,2037,1407,60,47
1963,1218,1864,50,45
1964,2241,2282,55,48
1965,1494,1498,70,34
1966,2100,2011,85,28
1967,2101,2209,50,41
1968,2292,2105,80,30
1969,2230,2005,65,30
1970,1449,1723,60,25
1971,967,251,50,5
1972,1773,1282,95,17
1973,456,458,60,9
1974,1044,1625,95,23
1975,1660,1616,80,48
1976,1808,280,95,14
1977,2018,467,60,5
1978,1087,910,75,48
1979,1477,1235,50,29
1980,2096,2122,75,4
1981,429,856,80,38
1982,1701,1743,80,42
1983,2087,2137,55,45
1984,1879,1380,75,36
1985,1969,1677,90,18
1986,1489,1791,70,44
1987,1573,2049,75,10
1988,1524,1435,65,27
1989,728,909,70,39
1990,1895,1731,70,6
1991,1343,1938,55,49
1992,2294,2025,50,4
1993,2188,2054,100,12
1994,230,645,50,36
1995,1456,1438,95,26
1996,1277,1528,85,27
1997,1954,1631,50,21
1998,755,124,50,28
1999,2005,2279,60,17
2000,2108,2035,60,8
2001,889,1532,75,9
2002,994,656,85,22
2003,1253,1455,55,40
2004,1964,2177,80,32
2005,2124,2106,95,13
2006,2078,2126,95,28
2007,1342,1486,50,23
2008,1255,1548,90,29
2009,1940,1682,75,16
2010,2207,394,55,19
2011,415,341,100,15
2012,2238,182,70,13
2013,2269,2200,60,4
2014,2262,2194,85,4
2015,1954,1457,70,15
2016,2093,2111,55,45
2017,429,1140,50,31
2018,1681,1774,85,12
2019,2095,2212,60,11
2020,2097,2063,90,31
2021,367,1172,70,41
2022,360,2115,95,23
2023,2001,2201,90,38
2024,1188,514,65,48
2025,739,2141,80,33
2026,1266,1753,70,12
2027,1752,1743,90,48
2028,8,1253,80,4
2029,1229,416,55,33
2030,309,2221,80,46
2031,1884,1511,100,32
2032,915,1794,100,35
2033,2185,1654,85,15
2034,2300,2224,90,50
2035,399,303,90,5
2036,1262,1738,55,8
2037,2209,2275,55,15
2038,1841,1416,50,43
2039,1252,1902,75,13
2040,2090,2108,100,39
2041,741,1115,60,15
2042,2149,2203,90,16
2043,2110,2202,75,12
2044,1408,1450,60,15
2045,2151,2199,85,33
2046,1362,1963,75,4
2047,1053,30,70,20
2048,830,639,90,3
2049,2146,2256,80,43
2050,185,888,65,42
2051,456,1897,60,18
2052,126,201,70,37
2053,769,884,100,41
2054,1074,562,80,37
2055,1514,1275,70,28
2056,1093,679,50,19
2057,1356,1367,55,47
2058,1983,214,60,28
2059,2160,2270,55,27
2060,784,850,75,22
2061,2031,2094,100,21
2062,858,1806,60,31
2063,906,537,95,17
2064,1405,1724,65,44
2065,1225,853,95,38
2066,1759,1758,85,5
2067,1427,1352,60,9
2068,1382,561,70,44
2069,1075,1172,80,6
2070,1961,1461,80,41
2071,157,1270,50,21
2072,951,352,85,44
2073,1225,1373,80,6
2074,2014,2178,50,11
2075,2016,2218,95,29
2076,518,1108,100,50
2077,408,250,100,43
2078,522,933,75,18
2079,1566,1462,70,7
2080,350,1153,95,49
2081,369,1040,50,50
2082,2182,2072,70,14
2083,1602,1761,85,31
2084,855,881,50,12
2085,671,117,95,44
2086,279,571,80,31
2087,2033,2119,50,23
2088,1256,506,50,15
2089,2188,94,75,28
2090,997,514,60,17
2091,491,1150,85,13
2092,1503,1249,70,27
2093,2119,2247,100,19
2094,1464,1416,75,27
2095,2137,2080,50,20
2096,2269,1220,90,50
2097,1071,842,75,7
2098,589,1140,55,39
2099,263,96,95,4
2100,682,118,80,22
2101,1888,1724,80,48
2102,2172,1198,65,13
2103,1321,1771,60,45
2104,956,1000,80,33
2105,107,990,95,6
2106,1682,1787,55,6
2107,2055,2037,85,34
2108,1458,1932,75,9
2109,525,731,60,24
2110,2259,2142,95,47
2111,2169,1891,60,45
2112,602,2000,85,13
2113,1615,1587,95,6
2114,1425,807,80,40
2115,599,963,70,10
2116,14,1144,60,10
2117,396,894,95,11
2118,1027,316,75,17
2119,1093,1200,90,18
2120,627,443,55,37
2121,1320,1612,85,23
2122,1823,1993,85,26
2123,1652,1583,55,33
2124,1629,1775,80,25
2125,2027,2112,100,33
2126,876,403,60,12
2127,2036,2236,100,18
2128,1864,1767,75,35
2129,1450,1700,90,17
2130,1361,1825,80,29
2131,2184,2124,50,33
2132,814,86,95,37
2133,2178,2097,65,17
2134,2240,2122,100,20
2135,191,173,50,34
2136,2251,2156,65,48
2137,1479,1945,65,32
2138,2231,2238,90,15
2139,2021,2295,80,42
2140,1270,2159,55,24
2141,1545,1789,100,38
2142,1439,1825,60,26
2143,411,514,80,35
2144,1411,1612,80,26
2145,2298,2050,100,35
2146,2151,225,50,36
2147,1522,1640,50,32
2148,1420,1233,95,25
2149,2083,2054,80,23
2150,2233,1270,65,5
2151,1791,1803,50,5
2152,1719,1674,60,11
2153,1454,1516,85,25
2154,66,541,50,41
2155,1651,1770,65,46
2156,1349,789,80,44
2157,1911,1364,50,19
2158,1134,295,85,2
2159,2086,1005,95,11
2160,2274,2261,90,4
2161,2085,2133,65,16
2162,2299,2033,85,7
2163,1227,1854,70,11
2164,713,1148,100,9
2165,1398,1677,65,32
2166,570,440,70,30
2167,1409,1327,60,33
2168,1780,1614,95,16
2169,253,1646,95,13
2170,1462,1761,100,11
2171,555,626,100,28
2172,557,75,90,41
2173,1621,1247,70,38
2174,105,866,75,18
2175,911,996,60,33
2176,1737,1959,80,49
2177,2288,2258,60,41
2178,1968,1513,65,48
2179,548,530,65,27
2180,2295,1959,95,34
2181,1318,1858,65,11
2182,1483,1657,70,3
2183,1721,1673,100,32
2184,2248,138,60,34
2185,2097,1802,55,41
2186,727,113,75,41
2187,2254,2236,90,8
2188,1400,1932,100,44
2189,2055,2244,80,6
2190,42,527,100,34
2191,718,773,50,39
2192,248,1406,90,50
2193,1607,2254,50,40
2194,984,2,90,37
2195,918,1179,50,18
2196,2053,1650,50,41
2197,2167,2005,65,16
2198,1383,1914,80,48
2199,2013,2151,60,30
2200,2052,2250,60,19
2201,1372,898,70,23
2202,2179,2160,60,13
2203,812,476,85,25
2204,1723,1517,95,18
2205,1544,858,60,26
2206,1594,1679,85,16
2207,2023,419,60,46
2208,801,221,85,13
2209,2180,2017,60,11
2210,805,133,55,22
2211,966,464,75,17
2212,317,114,60,22
2213,2197,1650,50,8
2214,1494,1872,80,41
2215,367,569,95,14
2216,2059,2211,60,38
2217,1543,459,85,18
2218,2223,2038,75,8
2219,2007,2188,55,47
2220,492,1064,100,27
2221,1664,1430,75,46
2222,775,909,55,29
2223,2152,1566,50,36
2224,1337,1619,80,13
2225,62,903,70,39
2226,2179,2188,75,8
2227,321,1838,65,14
2228,817,2273,95,29
2229,1497,1295,80,48
2230,704,1194,50,49
2231,2089,1526,75,31
2232,2078,2205,75,11
2233,1226,1236,100,38
2234,686,709,80,27
2235,989,915,70,32
2236,1278,1800,55,45
2237,2129,2172,55,34
2238,931,406,55,15
2239,1543,1743,60,44
2240,2034,2253,50,31
2241,230,405,60,14
2242,1607,568,95,9
2243,656,305,95,47
2244,1355,290,55,36
2245,2134,2231,70,27
2246,2262,2049,75,25
2247,1082,1908,50,28
2248,2227,2038,65,29
2249,2140,2023,95,46
2250,2129,2127,100,34
2251,1768,1883,75,6
2252,2062,2070,80,31
2253,1068,38,80,43
2254,2007,2169,75,24
2255,2280,248,95,41
2256,444,579,95,6
2257,697,69,95,26
2258,2058,2025,80,39
2259,2114,2175,85,27
2260,2020,1850,50,49
2261,484,141,60,10
2262,2213,2292,65,26
2263,281,154,70,21
2264,1641,1659,95,47
2265,1718,236,95,24
2266,2178,2290,100,8
2267,813,326,70,17
2268,1837,1722,85,44
2269,1907,2165,50,49
2270,797,10,70,14
2271,532,2222,100,18
2272,2182,2254,60,20
2273,860,801,95,8
2274,2050,2109,80,11
2275,2177,2030,80,14
2276,2292,2203,55,33
2277,815,555,85,32
2278,2198,2074,70,47
2279,2098,1334,70,11
2280,48,967,60,11
2281,1766,2251,55,13
2282,382,847,100,21
2283,1165,746,60,43
2284,1607,2061,55,47
2285,662,1033,95,32
2286,640,75,65,34
2287,1478,1849,55,44
2288,1892,971,100,38
2289,1779,1759,50,16
2290,353,2008,70,30
2291,1582,1591,65,8
2292,759,850,85,22
2293,1368,2072,55,4
2294,2121,2043,100,13
2295,1461,252,95,25
2296,2177,2174,90,17
2297,1775,1967,90,22
2298,330,275,50,34
2299,1019,1283,65,17
2300,862,267,60,32
2301,1219,1337,55,3
2302,2293,2147,70,22
2303,748,438,65,49
2304,2145,2127,75,7
2305,445,382,65,22
2306,2271,884,100,29
2307,1633,1856,65,45
2308,2132,2241,70,16
2309,2070,2027,55,46
2310,163,126,85,6
2311,2118,2261,95,45
2312,2240,2286,100,6
2313,174,1119,80,16
2314,2244,2178,65,50
2315,579,292,75,18
2316,463,266,85,42
2317,738,1009,55,46
2318,934,935,75,18
2319,1891,1548,65,17
2320,1068,1077,100,42
2321,1078,1517,90,12
2322,466,776,75,21
2323,1193,812,55,33
2324,2251,2278,80,36
2325,1217,585,95,11
2326,2287,2127,100,11
2327,2160,2229,50,27
2328,786,1181,90,10
2329,2126,2091,95,43
2330,268,112,95,48
2331,1518,1618,70,23
2332,1930,1882,90,46
2333,1807,1497,50,13
2334,1861,1664,90,21
2335,1065,1167,75,31
2336,1421,1935,55,45
2337,461,1176,90,28
2338,2149,2168,95,45
2339,2034,236,55,50
2340,1967,1649,95,44
2341,2171,2027,100,34
2342,1672,1419,55,29
2343,2217,2071,60,25
2344,1035,1195,70,40
2345,1500,1985,95,14
2346,2238,1784,55,21
2347,1768,1843,75,17
2348,42,91,80,23
2349,2064,2012,55,14
2350,524,365,65,35
2351,1884,1627,80,9
2352,1387,1528,65,28
2353,1532,1801,85,46
2354,1797,1986,70,26
2355,1158,815,55,29
2356,2008,2262,55,29
2357,2136,2181,50,22
2358,1388,1480,70,17
2359,991,601,65,30
2360,2217,1558,100,3
2361,610,1058,85,50
2362,708,236,100,46
2363,2238,2080,65,26
2364,369,445,85,7
2365,1978,482,60,33
2366,1675,1583,70,32
2367,2248,2255,50,28
2368,1940,1334,95,50
2369,1745,1694,75,17
2370,143,19,55,13
2371,2225,2048,55,31
2372,1689,1277,90,40
2373,2094,2262,70,2
2374,1288,1877,100,45
2375,2247,542,80,41
2376,1623,2255,85,10
2377,1968,185,95,29
2378,594,472,85,11
2379,1713,1873,50,19
2380,2112,315,55,37
2381,793,1174,80,12
2382,743,668,95,14
2383,2195,2251,55,41
2384,2006,2243,55,43
2385,114,2256,80,30
2386,2115,2153,90,42
2387,1626,2037,85,22
2388,1291,1467,90,26
2389,2105,2208,70,33
2390,220,1174,70,2
2391,1542,1604,55,40
2392,1429,1795,60,42
2393,653,2033,75,24
2394,1603,1611,65,9
2395,127,807,85,23
2396,242,111,75,2
2397,797,531,70,27
2398,2237,2029,55,29
2399,1984,1972,55,20
2400,2244,2127,65,36
2401,1364,1695,70,5
2402,650,2298,65,40
2403,1652,1672,85,10
2404,686,739,80,32
2405,2300,2019,75,20
2406,787,197,75,30
2407,2282,2094,80,39
2408,1251,261,100,5
2409,215,435,95,20
2410,1786,2100,55,18
2411,1631,1221,60,24
2412,890,1117,100,50
2413,1569,1024,50,41
2414,2070,2035,75,27
2415,767,130,65,28
2416,1624,1971,100,48
2417,1883,1574,50,15
2418,2081,2080,90,23
2419,1571,1333,100,22
2420,1770,1703,60,34
2421,1400,1206,90,13
2422,303,1121,65,9
2423,2091,2115,65,11
2424,1348,1757,95,41
2425,2054,1584,80,33
2426,719,840,90,15
2427,841,1078,70,14
2428,2256,2137,75,36
2429,2185,2165,100,44
2430,2078,2267,75,41
2431,252,1128,95,8
2432,2270,1119,95,31
2433,2246,2162,85,28
2434,1560,1969,65,34
2435,2174,2278,75,34
2436,656,1085,80,47
2437,1152,1139,100,38
2438,1704,2134,60,11
2439,1282,1803,75,47
2440,2281,2219,100,46
2441,1850,1503,70,16
2442,1449,1425,85,46
2443,1654,1484,80,14
2444,1435,1404,80,27
2445,2080,882,60,34
2446,235,2039,85,8
2447,448,994,55,31
2448,2256,2126,55,29
2449,1252,1531,75,15
2450,594,2005,100,23
2451,2002,2130,95,50
2452,1228,1840,75,24
2453,2289,2219,65,40
2454,553,728,70,25
2455,1620,774,50,29
2456,2163,2298,100,38
2457,2048,2225,90,41
2458,1938,1438,75,34
2459,1410,1829,100,10
2460,2270,2180,95,18
2461,1719,1966,90,28
2462,2178,2186,65,5
2463,232,1097,95,38
2464,1471,1941,85,47
2465,1267,1646,60,35
2466,2164,2093,75,22
2467,899,324,100,19
2468,1040,562,55,30
2469,1579,1593,95,15
2470,167,2281,95,21
2471,2241,2171,65,7
2472,2276,2114,70,38
2473,83,59,55,18
2474,1213,2164,60,6
2475,2059,2225,75,18
2476,1764,1574,70,48
2477,1947,1781,50,39
2478,568,621,80,31
2479,1874,962,80,11
2480,386,480,70,11
2481,833,689,90,25
2482,1400,1931,85,18
2483,1522,1800,50,21
2484,1169,811,50,25
2485,381,2062,60,49
2486,1076,1004,100,46
2487,2167,2241,85,42
2488,2075,2244,85,3
2489,1249,961,65,25
2490,2264,2127,70,31
2491,1783,1024,80,26
2492,1716,1534,65,5
2493,599,2143,85,44
2494,2228,288,85,38
2495,56,168,95,33
2496,1827,1437,75,6
2497,2076,2208,100,43
2498,1730,1363,50,39
2499,1444,1217,50,27
2500,1887,1281,100,24
2501,1712,1324,55,41
2502,1528,1409,70,3
2503,2227,2085,85,12
2504,2162,2284,65,19
2505,2284,2236,80,8
2506,2257,2156,75,48
2507,1929,1523,50,19
2508,2282,2002,55,47
2509,2201,2174,55,33
2510,1346,1648,50,34
2511,2190,2018,60,38
2512,2013,2179,60,10
2513,94,838,50,39
2514,1387,1267,60,22
2515,2055,2163,55,50
2516,1133,922,65,41
2517,991,1067,50,2
2518,1166,1771,60,39
2519,592,1175,75,4
2520,457,969,55,49
2521,6,873,55,21
2522,2019,2271,85,18
2523,69,836,100,30
2524,2257,2105,60,41
2525,1327,2217,95,5
2526,1098,809,75,25
2527,2212,2024,75,10
2528,2168,2149,65,32
2529,653,906,90,14
2530,2067,2182,95,3
2531,1384,673,70,41
2532,2273,2258,85,24
2533,1108,656,85,46
2534,2078,1417,70,22
2535,2150,2185,80,36
2536,2077,2024,70,20
2537,591,234,60,26
2538,1288,1579,65,14
2539,1953,1982,65,17
2540,240,832,100,37
2541,2061,2220,90,21
2542,177,704,80,23
2543,2196,2224,55,38
2544,2146,2009,50,15
2545,1880,1871,70,37
2546,85,639,65,5
2547,1235,1857,90,10
2548,267,979,70,7
2549,2020,2197,65,4
2550,1839,1448,55,29
2551,2179,2260,50,27
2552,2202,433,100,18
2553,1500,1699,100,49
2554,624,744,70,39
2555,2050,2249,50,14
2556,2114,2121,75,42
2557,1859,1884,95,17
2558,1863,1852,70,9
2559,2206,1920,85,45
2560,2019,2021,85,49
2561,1566,1417,100,14
2562,2281,2010,65,20
2563,2282,2279,100,43
2564,1708,1848,65,50
2565,1307,1509,100,4
2566,2193,2057,85,9
2567,1157,1187,90,48
2568,1416,1276,60,8
2569,1027,237,100,36
2570,1775,2053,60,7
2571,471,1118,80,44
2572,2056,2093,50,29
2573,1256,1304,100,14
2574,1468,1619,95,12
2575,758,900,65,6
2576,716,449,90,26
2577,904,825,85,42
2578,1605,1377,100,35
2579,1197,727,55,45
2580,2251,1487,55,44
2581,2031,2289,50,36
2582,2232,2062,50,11
2583,452,184,65,36
2584,1297,1635,90,17
2585,1377,1592,80,38
2586,518,1659,100,32
2587,1541,1238,50,45
2588,1579,380,60,44
2589,1554,1899,75,30
2590,2074,2213,95,22
2591,1946,1578,65,24
2592,2294,2059,80,21
2593,2286,1246,70,44
2594,2249,2220,55,6
2595,2097,2281,95,43
2596,1809,804,100,14
2597,2160,356,75,20
2598,1893,2062,85,46
2599,1982,1477,60,35
2600,892,254,80,17
2601,579,318,95,38
2602,1595,1289,80,12
2603,882,313,70,3
2604,524,2063,100,12
2605,1210,1179,65,34
2606,1336,1844,70,41
2607,986,695,60,5
2608,1755,1716,65,6
2609,2141,2270,85,42
2610,2225,321,75,41
2611,802,386,55,18
2612,378,434,75,2
2613,509,311,95,4
2614,925,507,95,43
2615,1329,1660,50,43
2616,2220,2225,65,41
2617,2172,2260,100,25
2618,1190,600,85,10
2619,2229,2235,90,26
2620,2078,2295,95,17
2621,2100,2038,95,23
2622,1555,1853,65,38
2623,826,2210,100,7
2624,2003,2170,50,26
2625,2217,2225,85,16
2626,383,66,65,15
2627,1327,1931,90,13
2628,220,991,85,26
2629,700,499,75,15
2630,1136,1094,70,36
2631,209,654,100,5
2632,2050,2263,60,46
2633,1613,1487,70,38
2634,323,512,80,27
2635,2030,2062,90,41
2636,1083,2188,95,47
2637,566,1994,60,17
2638,992,2279,90,25
2639,1467,178,90,24
2640,2012,774,75,49
2641,1025,861,60,3
2642,779,2181,55,2
2643,1239,1345,100,9
2644,2090,2074,100,46
2645,1766,1855,100,25
2646,690,215,100,21
2647,2075,2219,70,21
2648,89,1626,90,21
2649,1085,593,85,40
2650,1692,1829,60,2
2651,2269,2033,85,19
2652,2245,2182,50,25
2653,1744,1606,55,48
2654,1251,1747,90,31
2655,2048,2201,50,14
2656,2084,2059,100,10
2657,1432,1683,60,8
2658,929,2043,100,30
2659,2080,2014,85,23
2660,988,15,95,41
2661,2146,2253,50,10
2662,1869,1660,75,18
2663,2274,2272,100,40
2664,474,345,90,17
2665,2061,2170,95,6
2666,425,2089,50,15
2667,1887,1896,60,2
2668,1463,1239,70,8
2669,2128,2282,50,16
2670,1702,1990,100,33
2671,1857,175,60,34
2672,1519,1570,55,5
2673,1760,1254,60,50
2674,2294,2089,95,31
2675,1972,1639,60,40
2676,1814,1736,75,30
2677,1569,1854,75,24
2678,2009,2144,55,11
2679,1450,2277,80,15
2680,28,1024,85,5
2681,1191,112,100,5
2682,909,297,85,50
2683,465,743,95,29
2684,2145,396,100,49
2685,768,862,65,15
2686,1219,1319,50,13
2687,1616,1232,60,24
2688,2103,2107,55,31
2689,891,341,80,29
2690,1904,1162,80,36
2691,1962,1483,95,41
2692,1609,1433,60,9
2693,1297,1500,60,33
2694,2080,2098,70,28
2695,974,176,60,8
2696,1193,605,65,15
2697,2129,2024,70,25
2698,1173,742,95,47
2699,24,12,75,37
2700,1853,734,60,42
2701,1432,1574,95,25
2702,967,886,80,24
2703,541,225,80,12
2704,308,381,55,39
2705,2246,1301,60,40
2706,1535,1961,75,40
2707,604,1191,50,39
2708,751,913,95,21
2709,1284,1881,70,6
2710,753,965,70,33
2711,1397,1355,75,15
2712,1899,1840,85,29
2713,1894,2179,65,50
2714,647,1080,85,50
2715,2269,2060,90,47
2716,2284,2128,60,24
2717,650,233,80,20
2718,1367,1941,90,24
2719,600,1026,90,29
2720,1513,1627,70,33
2721,418,909,80,28
2722,2241,2136,95,24
2723,840,824,100,22
2724,1526,1871,100,33
2725,1688,1959,85,48
2726,16,1326,50,22
2727,1010,826,55,37
2728,60,1597,80,25
2729,2019,2059,50,27
2730,926,437,85,40
2731,1070,180,95,28
2732,501,652,70,23
2733,1567,1633,55,8
2734,131,1167,75,39
2735,2163,2149,100,2
2736,1259,2225,75,41
2737,596,154,60,23
2738,1411,1478,80,34
2739,621,143,85,2
2740,2075,2065,70,12
2741,872,602,80,18
2742,163,866,80,41
2743,1430,1062,85,41
2744,2051,1843,75,4
2745,2077,2122,90,5
2746,2217,2201,70,46
2747,1015,588,80,28
2748,1393,1980,50,46
2749,554,1795,100,26
2750,881,70,65,34
2751,2148,2053,60,34
2752,975,214,75,4
2753,2218,1961,70,8
2754,216,2007,80,11
2755,2248,1097,85,23
2756,2165,2232,50,42
2757,229,1142,100,12
2758,2008,562,50,42
2759,2166,2143,95,12
2760,1514,1711,60,23
2761,1919,1429,60,9
2762,2241,2128,60,16
2763,2245,2018,90,2
2764,1715,1991,60,39
2765,1448,1279,100,48
2766,2248,2164,70,18
2767,1155,439,80,10
2768,237,1062,85,26
2769,1771,1787,65,22
2770,1860,1219,55,20
2771,1374,1779,90,31
2772,2182,2017,70,39
2773,1785,1357,85,42
2774,2137,2229,55,22
2775,1608,1718,100,8
2776,353,590,60,45
2777,2049,2047,95,23
2778,1237,1907,70,25
2779,2196,2091,90,40
2780,2014,2262,65,48
2781,2202,1029,90,22
2782,252,308,65,42
2783,1194,1541,65,23
2784,2077,2083,90,44
2785,380,675,70,38
2786,1341,1555,95,42
2787,2110,2266,95,45
2788,1635,359,95,50
2789,2060,2134,55,29
2790,1379,1709,95,24
2791,1394,1348,65,24
2792,2252,2120,100,43
2793,1385,1304,95,47
2794,1940,1355,75,11
2795,1390,1236,60,37
2796,986,535,85,43
2797,2261,2234,100,22
2798,2148,2074,55,10
2799,2169,2291,50,38
2800,1432,1857,50,6
2801,746,2184,90,7
2802,2281,2252,85,44
2803,2115,2203,70,50
2804,1001,432,95,31
2805,1665,1353,65,6
2806,2051,2217,55,7
2807,305,2044,70,40
2808,209,151,80,17
2809,104,219,65,29
2810,1393,1582,50,38
2811,2092,533,90,41
2812,2143,2269,55,5
2813,1950,2054,75,44
2814,259,372,50,20
2815,69,1143,100,50
2816,1073,659,75,40
2817,1987,1179,80,42
2818,2054,2128,55,41
2819,2181,2288,100,30
2820,2246,348,100,19
2821,869,1135,50,3
2822,1866,1256,75,41
2823,2108,2229,85,25
2824,475,153,90,15
2825,2139,1932,70,45
2826,2127,2277,70,24
2827,1854,1485,95,49
2828,1437,2279,70,12
2829,428,913,55,3
2830,1789,1473,70,12
2831,1576,1521,50,45
2832,1700,1216,90,20
2833,730,660,55,34
2834,2266,2067,60,36
2835,1941,2052,100,28
2836,2015,2285,75,19
2837,2265,660,95,4
2838,1096,575,85,37
2839,2284,2085,85,13
2840,2182,1425,75,23
2841,1637,1989,50,47
2842,1441,1422,75,21
2843,1991,1217,55,23
2844,1898,1706,55,40
2845,2206,2110,50,38
2846,186,205,65,31
2847,883,192,75,30
2848,2126,2251,85,2
2849,390,524,85,39
2850,999,1010,80,44
2851,1209,1993,50,45
2852,1847,2109,80,7
2853,1103,1190,100,29
2854,30,588,95,19
2855,802,374,55,15
2856,1506,2066,75,8
2857,2139,2245,60,36
2858,1529,1263,70,37
2859,1338,1790,65,26
2860,687,449,95,22
2861,1840,1851,75,39
2862,923,326,75,36
2863,2012,2120,60,33
2864,2165,2006,85,49
2865,2292,849,50,46
2866,2135,2143,80,39
2867,1921,1658,95,10
2868,2229,540,60,28
2869,69,645,95,44
2870,2186,2044,55,25
2871,1882,2167,80,38
2872,1210,1778,100,44
2873,240,807,70,40
2874,1816,1954,50,29
2875,73,50,50,35
2876,1843,1281,100,13
2877,715,1104,85,29
2878,2246,2010,55,3
2879,1479,1644,50,12
2880,2132,2003,65,24
2881,77,1224,55,44
2882,1461,1568,60,3
2883,1595,1742,95,50
2884,1950,1749,70,25
2885,1570,833,95,47
2886,2298,2073,80,39
2887,1524,909,55,23
2888,395,1087,85,15
2889,1817,1540,70,40
2890,1039,230,70,14
2891,787,723,90,24
2892,2191,2031,100,44
2893,754,1160,80,14
2894,632,493,65,32
2895,900,145,75,38
2896,1273,1848,90,46
2897,1693,1696,70,39
2898,2097,1989,55,17
2899,82,2118,90,49
2900,507,250,85,47
2901,1684,1260,90,33
2902,1585,1303,50,9
2903,1500,1485,90,35
2904,1490,1575,55,42
2905,2259,2093,100,46
2906,1287,1881,100,7
2907,1042,138,55,48
2908,261,1479,65,16
2909,2253,1930,85,41
2910,2081,2297,75,44
2911,2167,2295,60,15
2912,1507,1743,65,8
2913,2011,1206,70,17
2914,1594,1548,60,19
2915,2208,1441,55,42
2916,2149,1148,85,2
2917,2254,2287,100,31
2918,1970,1450,55,11
2919,2245,2215,85,34
2920,2106,1664,85,40
2921,1455,1481,80,17
2922,1777,205,65,49
2923,1634,260,90,33
2924,2157,1653,95,43
2925,1643,1636,50,34
2926,1972,1259,55,14
2927,247,389,100,13
2928,519,1330,60,49
2929,2108,2058,50,34
2930,2255,2008,60,13
2931,1631,1971,50,21
2932,2224,2109,70,35
2933,2213,2249,70,44
2934,1485,1657,65,22
2935,1314,1479,55,40
2936,1680,1257,85,34
2937,1968,1219,90,8
2938,1578,1489,80,18
2939,1237,1856,95,24
2940,2235,1532,85,9
2941,1846,1422,50,20
2942,1965,1763,60,44
2943,1951,1545,75,41
2944,2243,2200,95,3
2945,2108,1448,50,47
2946,2095,1204,100,13
2947,1228,1779,90,20
2948,921,2083,60,10
2949,2241,2067,70,50
2950,2074,2244,55,33
2951,1889,1720,50,47
2952,1935,1138,55,36
2953,1362,1954,100,16
2954,1441,840,100,8
2955,1471,1754,65,33
2956,2147,2101,85,45
2957,116,988,70,15
2958,1306,1643,70,4
2959,1708,2000,65,5
2960,2132,2072,75,49
2961,861,590,100,32
2962,229,798,95,12
2963,2220,2298,75,47
2964,2242,2089,100,7
2965,706,74,85,16
2966,2038,2179,65,17
2967,1743,1264,75,35
2968,2073,2107,55,16
2969,2024,2011,80,34
2970,442,631,60,50
2971,2073,428,60,5
2972,1383,886,55,42
2973,2090,2143,75,11
2974,1131,8,95,46
2975,1889,1792,85,41
2976,1173,616,80,37
2977,1241,1454,75,20
2978,1111,319,80,13
2979,2049,2135,55,7
2980,1805,1558,80,30
2981,298,57,50,42
2982,122,2189,50,28
2983,1643,1897,60,4
2984,2130,2079,90,10
2985,1394,1772,55,10
2986,2247,2183,70,2
2987,2082,1743,85,44
2988,1449,1686,80,29
2989,628,1127,70,48
2990,1255,1953,100,42
2991,2092,2230,75,44
2992,163,930,65,26
2993,822,325,60,38
2994,1561,1403,60,9
2995,1833,1821,65,48
2996,2157,2262,75,4
2997,1348,1605,100,8
2998,2041,1376,55,17
2999,1719,999,70,18
3000,1752,1593,95,26
3001,37,1654,90,46
3002,773,781,95,22
3003,2145,2052,50,39
3004,1426,1277,60,38
3005,289,38,55,35
3006,1280,1922,70,34
3007,1781,142,95,39
3008,1456,1905,70,24
3009,369,865,70,44
3010,2052,2150,95,19
3011,733,651,95,30
3012,2108,2190,60,24
3013,163,63,70,31
3014,2262,1510,60,44
3015,1431,1294,50,20
3016,1912,95,85,18
3017,2034,2237,70,10
3018,189,924,100,8
3019,1024,478,85,25
3020,912,437,80,16
3021,986,91,95,18
3022,201,593,95,2
3023,1361,1279,70,26
3024,2082,535,75,8
3025,852,159,70,21
3026,1543,1477,70,21
3027,2207,1255,80,46
3028,2161,2044,75,33
3029,1550,1112,70,35
3030,1683,1286,55,20
3031,2016,2017,75,12
3032,1285,647,75,10
3033,231,1172,90,50
3034,2030,1355,90,36
3035,2098,2141,100,27
3036,1697,1822,70,26
3037,671,526,75,3
3038,1525,968,90,41
3039,1374,1384,65,3
3040,1976,1259,70,17
3041,1879,1965,55,32
3042,1976,1313,90,20
3043,1546,1465,60,6
3044,2256,1022,65,40
3045,615,1151,55,16
3046,784,114,80,46
3047,2011,2039,95,41
3048,2170,2182,85,23
3049,2196,2167,70,35
3050,1497,2047,65,41
3051,1341,2134,65,33
3052,2208,2253,85,32
3053,1086,1104,60,49
3054,1245,1267,85,49
3055,466,898,55,25
3056,2213,2091,70,11
3057,1833,1655,60,18
3058,522,129,55,12
3059,2259,2060,75,50
3060,912,783,50,47
3061,900,22,65,35
3062,2040,2136,100,15
3063,1791,1684,70,50
3064,958,802,55,13
3065,98,641,70,32
3066,1286,1531,60,13
3067,1643,1215,65,31
3068,1557,1976,60,4
3069,2092,1720,85,21
3070,1572,1668,55,40
3071,2220,2248,85,24
3072,888,877,65,32
3073,2048,2082,50,45
3074,1134,477,50,29
3075,531,421,65,12
3076,2078,2057,65,40
3077,1381,1964,95,37
3078,1748,1428,100,42
3079,1488,1905,90,33
3080,2296,2053,85,15
3081,708,1197,65,25
3082,1677,2201,60,8
3083,2277,2015,50,35
3084,2085,2176,75,35
3085,125,1090,65,42
3086,30,1146,85,25
3087,733,1006,75,45
3088,345,1935,90,13
3089,2204,2124,80,16
3090,762,691,60,7
3091,2055,2163,90,40
3092,1588,1972,70,25
3093,2212,2078,55,48
3094,1607,2099,50,37
3095,272,737,90,24
3096,1726,1700,90,38
3097,125,304,95,35
3098,1569,1248,100,7
3099,550,1219,90,9
3100,2238,2105,55,40
3101,2050,1749,95,19
3102,2061,1973,60,37
3103,10,896,55,33
3104,2150,2264,90,17
3105,1155,474,70,10
3106,882,1264,100,2
3107,1866,1932,80,18
3108,2274,2255,65,14
3109,2003,2146,100,39
3110,2027,2162,100,22
3111,119,539,75,14
3112,1001,1085,70,14
3113,933,872,65,20
3114,386,9,95,45
3115,657,103,85,47
3116,1118,2168,55,40
3117,1756,1041,85,10
3118,2145,2093,100,2
3119,784,328,70,5
3120,2167,2002,95,45
3121,1523,1430,65,13
3122,1911,1344,70,11
3123,1528,758,70,14
3124,322,1459,100,4
3125,897,1133,50,41
3126,2177,2007,100,7
3127,427,247,100,49
3128,2045,1726,85,16
3129,2048,2149,55,26
3130,7,1009,65,16
3131,563,766,60,20
3132,1795,1819,100,16
3133,834,1917,50,44
3134,1776,1786,90,43
3135,2230,1432,100,33
3136,2104,2022,60,21
3137,758,365,70,32
3138,2193,105,90,17
3139,843,93,95,49
3140,618,253,50,33
3141,609,178,55,10
3142,1749,1272,55,12
3143,1599,1793,75,33
3144,883,610,95,36
3145,1559,1895,95,29
3146,628,646,95,6
3147,2144,2191,50,11
3148,2189,65,70,9
3149,2164,2056,95,34
3150,1439,2056,100,13
3151,2282,2297,85,50
3152,2000,1434,60,19
3153,2024,2066,70,43
3154,1360,1416,95,25
3155,1062,1076,60,4
3156,213,1168,85,26
3157,665,56,95,39
3158,2079,2254,100,6
3159,50,636,75,11
3160,2223,2195,90,15
3161,1679,1242,55,7
3162,2200,88,95,31
3163,1523,1689,85,34
3164,2215,2219,95,24
3165,2015,2183,55,29
3166,1399,1743,80,24
3167,2270,2076,50,8
3168,1156,943,90,5
3169,2298,2278,50,25
3170,1712,1252,70,20
3171,1571,1302,50,50
3172,1342,1307,60,31
3173,2212,2097,85,26
3174,2090,2259,50,9
3175,868,1116,100,10
3176,1215,775,65,8
3177,1717,1898,80,10
3178,97,1520,75,32
3179,757,352,75,7
3180,1587,1531,50,4
3181,865,1119,50,15
3182,2231,2069,80,28
3183,1304,1882,90,24
3184,1820,1654,85,21
3185,85,1142,65,39
3186,542,1145,85,43
3187,2280,2178,65,37
3188,1667,2283,70,30
3189,1747,1453,100,7
3190,1526,1753,90,19
3191,2235,2070,75,34
3192,205,444,55,26
3193,2016,2217,65,5
3194,2213,2153,60,8
3195,2296,2244,60,39
3196,1428,1856,55,36
3197,1943,1770,60,14
3198,2109,2228,80,14
3199,2172,2124,85,10
3200,857,1078,75,9
3201,589,165,55,10
3202,1699,1754,95,44
3203,901,2103,90,4
3204,1372,1323,65,50
3205,2199,1341,55,5
3206,2142,2130,60,26
3207,1018,1116,60,16
3208,80,721,85,3
3209,2245,2210,75,4
3210,1082,633,80,31
3211,1481,2206,100,20
3212,236,681,90,48
3213,1617,1596,60,45
3214,2249,2262,75,12
3215,1552,1847,60,38
3216,1880,1508,60,22
3217,1776,1633,70,27
3218,366,1173,75,50
3219,1366,1339,100,19
3220,1478,2023,85,26
3221,203,644,65,6
3222,1434,1059,80,40
3223,2120,2286,55,21
3224,2270,2112,75,24
3225,2104,1099,95,5
3226,2269,2200,65,26
3227,1863,1459,75,16
3228,2216,2096,75,49
3229,1289,1262,70,12
3230,1582,1710,65,30
3231,2027,2287,60,18
3232,163,1923,80,29
3233,2083,2211,85,26
3234,749,9,60,12
3235,108,159,80,46
3236,1623,1493,85,26
3237,2300,889,55,33
3238,2019,2291,70,43
3239,218,2221,85,39
3240,2166,2159,50,19
3241,1938,1455,75,50
3242,972,1063,75,12
3243,1871,1006,60,20
3244,2081,2003,60,46
3245,1932,268,50,25
3246,2282,2293,95,29
3247,1903,1403,70,11
3248,324,224,75,20
3249,1583,1993,95,30
3250,2024,917,90,5
3251,2207,2034,80,19
3252,1419,518,65,32
3253,733,69,55,41
3254,1352,939,100,27
3255,1518,1179,50,46
3256,2212,2174,100,14
3257,1890,1903,70,50
3258,395,1492,90,41
3259,1889,1470,85,16
3260,1216,1361,55,8
3261,2294,2181,80,4
3262,2276,2256,55,24
3263,2288,2253,80,23
3264,2031,534,65,38
3265,2177,2166,95,25
3266,2085,2117,60,7
3267,818,561,55,49
3268,505,275,100,48
3269,1669,1922,100,22
3270,2148,2117,70,13
3271,2075,2159,70,2
3272,1738,1639,55,24
3273,1859,2145,50,45
3274,968,1666,70,15
3275,2202,2141,100,31
3276,1957,1045,95,5
3277,1306,1777,90,28
3278,1662,1843,90,3
3279,2012,66,90,34
3280,1773,1499,65,23
3281,1041,339,90,47
3282,136,777,75,24
3283,249,264,90,43
3284,1565,1719,65,29
3285,2241,2026,70,22
3286,1057,1807,70,42
3287,1859,1573,90,30
3288,2291,2046,75,50
3289,2134,2118,95,30
3290,1588,1559,95,38
3291,2115,588,85,18
3292,1482,1258,60,24
3293,1909,1228,70,12
3294,849,444,100,39
3295,2123,2169,100,5
3296,1445,1531,70,15
3297,1415,1908,80,35
3298,320,1072,60,32
3299,2052,2037,75,27
3300,1853,1356,90,18
3301,2262,2041,95,33
3302,1987,1708,100,35
3303,2238,934,75,5
3304,758,58,85,35
3305,2190,2011,100,29
3306,789,446,85,13
3307,1384,1462,75,16
3308,267,876,50,50
3309,7,1016,90,8
3310,523,1006,75,35
3311,2124,2226,50,36
3312,2256,2254,80,30
3313,391,891,90,45
3314,1159,1312,95,18
3315,1896,1117,75,8
3316,2186,2232,55,40
3317,2270,340,65,45
3318,37,207,60,20
3319,1308,1524,80,32
3320,2161,2085,55,43
3321,1658,1757,100,38
3322,1570,679,95,39
3323,420,145,60,31
3324,1993,2117,75,12
3325,2110,2153,65,30
3326,1832,867,55,3
3327,1589,1570,50,48
3328,231,42,60,48
3329,1083,1635,95,25
3330,2289,2183,95,43
3331,2029,1987,80,14
3332,257,667,75,6
3333,2028,2216,90,33
3334,2002,2170,75,30
3335,1414,2088,50,25
3336,1849,1790,65,13
3337,2255,588,50,38
3338,1994,1392,65,26
3339,2244,2163,55,16
3340,713,335,100,42
3341,1104,1008,50,6
3342,2014,2228,70,21
3343,2099,2050,80,19
3344,2154,2129,55,41
3345,1318,1808,85,12
3346,1876,1477,95,44
3347,2295,2197,70,6
3348,1886,1408,100,5
3349,1177,289,65,29
3350,1881,1277,85,22
3351,1882,848,90,2
3352,911,121,80,38
3353,1110,320,65,11
3354,2061,2016,90,39
3355,1089,2223,70,4
3356,977,728,55,7
3357,1485,1960,85,6
3358,1280,1835,65,4
3359,1946,1671,65,47
3360,189,682,85,3
3361,1441,1479,95,31
3362,762,1551,55,35
3363,2156,2237,70,28
3364,2203,2186,85,39
3365,286,977,50,37
3366,1286,1983,85,32
3367,888,1065,65,32
3368,312,495,65,42
3369,2153,2219,55,28
3370,241,637,95,11
3371,2012,2215,85,24
3372,1674,451,95,12
3373,418,1995,85,21
3374,1757,1,80,5
3375,2214,306,55,4
3376,1179,774,50,27
3377,981,229,100,40
3378,816,1325,100,30
3379,452,888,85,20
3380,1540,1181,50,2
3381,245,943,95,46
3382,2241,2227,85,5
3383,2104,2054,55,34
3384,1623,1654,65,10
3385,2199,2025,75,42
3386,1831,1631,100,46
3387,1048,2113,80,26
3388,2251,2278,55,36
3389,2241,2232,50,26
3390,2132,444,55,2
3391,2207,2272,90,23
3392,2221,2091,65,31
3393,1715,1392,50,2
3394,902,2034,85,5
3395,1564,2009,50,8
3396,443,788,50,11
3397,180,135,60,10
3398,1735,2034,55,12
3399,2082,2274,80,37
3400,1971,1616,65,41
3401,2061,2123,50,22
3402,1534,1258,55,49
3403,2086,2111,50,9
3404,1784,1619,55,50
3405,1752,1288,90,6
3406,129,747,80,38
3407,2039,2124,65,19
3408,2012,2014,95,9
3409,1809,1250,50,26
3410,2157,2145,85,29
3411,711,1119,95,35
3412,457,523,85,6
3413,1779,2048,50,9
3414,2083,889,70,41
3415,2028,2011,70,7
3416,1895,1252,55,29
3417,2038,2150,65,13
3418,879,874,90,11
3419,1306,977,60,25
3420,2078,2143,55,38
3421,839,961,80,18
3422,702,1063,60,39
3423,1768,1358,75,34
3424,2006,2131,100,26
3425,1697,1929,55,29
3426,2166,2248,85,11
3427,69,473,55,6
3428,749,133,85,3
3429,2212,2048,60,22
3430,2286,2223,70,21
3431,636,623,95,26
3432,1630,1471,75,22
3433,554,710,50,12
3434,155,1814,70,49
3435,21,280,60,47
3436,1418,538,55,35
3437,996,1915,100,11
3438,1089,671,75,18
3439,2085,2217,100,35
3440,739,760,50,23
3441,2143,2132,85,24
3442,188,494,95,23
3443,241,248,50,12
3444,1689,1616,70,11
3445,760,211,70,43
3446,2186,2189,60,28
3447,741,1215,65,17
3448,1014,497,75,13
3449,1371,1528,65,9
3450,2113,2076,100,31
3451,1916,1349,100,22
3452,1166,716,70,34
3453,1790,1643,85,33
3454,1370,1765,55,45
3455,457,766,65,11
3456,1927,1466,50,11
3457,1736,2023,50,27
3458,1375,2150,55,46
3459,2278,2082,65,41
3460,749,712,100,10
3461,2093,2296,50,17
3462,2232,2012,55,35
3463,740,1038,80,30
3464,1561,1752,80,48
3465,2070,2215,85,19
3466,170,838,70,35
3467,1266,173,60,13
3468,921,51,90,49
3469,196,1493,85,37
3470,1758,2261,50,33
3471,1417,1954,65,41
3472,901,1101,50,4
3473,2016,2171,70,41
3474,1106,1195,80,16
3475,361,308,50,46
3476,800,677,95,26
3477,2187,2100,80,27
3478,1978,1599,85,50
3479,1541,1317,80,13
3480,1593,1359,95,26
3481,421,2144,50,42
3482,1893,1476,60,47
3483,1159,792,95,29
3484,2030,2230,100,21
3485,2193,2023,95,40
3486,1807,2104,55,42
3487,1549,1277,50,18
3488,1874,1742,85,9
3489,2078,2073,80,21
3490,1193,1058,95,22
3491,1514,380,70,22
3492,1918,1708,100,34
3493,118,503,70,48
3494,26,738,70,28
3495,648,71,75,31
3496,1829,1508,85,47
3497,654,345,55,17
3498,2299,2001,100,30
3499,2264,2266,55,24
3500,204,1490,65,18
3501,419,820,60,31
3502,1724,1231,90,49
3503,1772,1879,95,15
3504,1989,1479,100,13
3505,1338,1999,90,31
3506,356,884,65,11
3507,2115,2038,60,31
3508,1033,113,80,29
3509,609,2124,75,18
3510,2241,2292,90,42
3511,1934,2134,70,10
3512,2063,2285,85,21
3513,135,1077,95,20
3514,1813,188,80,46
3515,2117,2054,70,23
3516,1566,1834,100,19
3517,1597,1208,100,5
3518,436,219,65,48
3519,1741,1317,50,48
3520,632,364,50,11
3521,1012,645,100,8
3522,2048,2041,70,16
3523,2086,2013,80,28
3524,536,239,75,50
3525,929,343,95,20
3526,1161,2053,75,14
3527,1431,1300,90,37
3528,371,1976,60,15
3529,813,348,60,17
3530,2010,2039,70,23
3531,1233,1381,65,15
3532,2287,2047,75,26
3533,1277,568,80,34
3534,1285,1922,60,10
3535,1237,1677,90,40
3536,1361,1238,80,25
3537,1574,1250,85,44
3538,2283,2004,75,21
3539,719,469,95,42
3540,743,56,60,44
3541,1928,1392,50,16
3542,1270,1237,95,37
3543,2140,2194,50,9
3544,1237,744,65,16
3545,2174,2052,100,31
3546,2065,2016,100,27
3547,1408,1257,55,41
3548,2151,1,55,25
3549,413,693,100,31
3550,2215,2213,85,2
3551,1154,103,55,21
3552,1431,1877,55,9
3553,1427,208,55,24
3554,2010,2006,90,8
3555,2153,2053,100,26
3556,2194,2250,60,15
3557,636,882,55,24
3558,2063,2138,65,41
3559,37,462,70,12
3560,2190,2185,90,6
3561,2149,2199,55,24
3562,1366,2031,90,31
3563,44,288,80,23
3564,195,769,50,38
3565,1070,2281,55,26
3566,33,1809,65,40
3567,1985,1558,85,42
3568,1323,1961,75,3
3569,799,946,75,30
3570,1222,1488,95,50
3571,1864,1364,60,9
3572,2264,2146,75,6
3573,2178,1636,50,43
3574,2286,2256,95,37
3575,21,292,55,5
3576,696,1433,50,43
3577,1971,1503,95,18
3578,1347,1940,70,16
3579,2059,1903,50,4
3580,1266,608,60,31
3581,1564,1216,85,16
3582,38,2219,60,50
3583,1513,1682,50,45
3584,1635,1461,80,23
3585,1905,1343,80,38
3586,846,191,70,11
3587,2013,2290,85,43
3588,535,663,80,42
3589,2060,2136,65,37
3590,2153,2227,50,42
3591,857,13,90,13
3592,1008,122,80,14
3593,343,356,60,27
3594,1531,1408,85,28
3595,386,522,65,46
3596,1632,1391,100,8
3597,2295,710,55,21
3598,1008,758,65,7
3599,198,796,50,31
3600,1829,1238,75,16
3601,2138,2284,95,34
3602,913,385,85,7
3603,832,212,70,8
3604,2084,2300,70,13
3605,2182,2223,80,48
3606,584,1596,70,10
3607,1692,1586,95,16
3608,2183,2196,50,26
3609,1137,536,100,18
3610,160,2157,80,9
3611,2298,2290,70,14
3612,1216,1795,90,48
3613,1054,885,65,48
3614,1067,706,90,49
3615,514,489,55,28
3616,661,684,85,21
3617,381,1110,60,46
3618,1778,1321,90,48
3619,1153,1084,95,22
3620,1391,1743,70,5
3621,2174,399,75,36
3622,1701,1425,70,44
3623,2028,465,85,18
3624,2149,2010,65,37
3625,1853,1687,95,20
3626,1807,1346,85,23
3627,1192,252,60,34
3628,1214,1702,95,32
3629,2018,1817,60,43
3630,1501,1978,70,23
3631,2143,2013,95,31
3632,2159,507,95,37
3633,1683,1413,95,36
3634,1452,1320,60,13
3635,2163,2191,70,23
3636,1823,1523,75,46
3637,1840,1368,70,3
3638,838,465,100,19
3639,1424,1372,60,9
3640,88,1396,50,2
3641,2041,2293,55,21
3642,669,838,100,39
3643,1900,1312,95,27
3644,1902,479,55,9
3645,919,814,85,30
3646,308,1183,90,22
3647,1594,1912,70,25
3648,2221,2018,65,38
3649,2299,212,100,4
3650,328,549,75,30
3651,877,493,95,36
3652,2111,2237,80,26
3653,138,447,60,49
3654,1891,1694,80,40
3655,1968,1776,60,15
3656,134,223,65,38
3657,1673,1591,75,17
3658,420,1462,50,4
3659,1969,1435,100,42
3660,1324,1488,60,43
3661,1266,201,75,49
3662,2274,2168,75,14
3663,1613,1437,95,23
3664,2010,2008,100,13
3665,2268,2138,100,25
3666,93,256,80,46
3667,2188,2243,65,31
3668,829,765,85,44
3669,1085,2025,65,8
3670,1721,78,60,24
3671,2067,2145,60,21
3672,1933,1390,75,35
3673,886,135,85,4
3674,1910,1587,55,16
3675,2235,2112,55,49
3676,1407,1281,55,6
3677,192,1058,85,24
3678,1337,1982,55,33
3679,2104,2267,65,44
3680,626,696,65,25
3681,7,1075,90,14
3682,568,1163,80,11
3683,823,587,70,38
3684,1795,1390,100,13
3685,1149,834,55,23
3686,417,479,55,23
3687,1335,2083,80,39
3688,2286,2053,70,21
3689,1554,1413,65,37
3690,748,1032,85,37
3691,359,181,85,6
3692,1265,1618,85,6
3693,501,1032,65,22
3694,2243,2267,100,40
3695,317,1047,65,24
3696,2008,2242,100,34
3697,2129,2272,100,39
3698,694,63,55,5
3699,855,985,75,19
3700,1088,1046,90,13
3701,1825,1849,75,29
3702,2277,2169,60,48
3703,2030,1140,85,15
3704,1059,1299,95,29
3705,2179,2128,70,14
3706,864,1058,100,14
3707,358,88,55,29
3708,2154,2262,55,11
3709,2044,2175,50,43
3710,2082,2119,95,41
3711,2256,1766,60,37
3712,2295,2144,80,44
3713,174,568,90,44
3714,309,1150,85,37
3715,604,1649,70,11
3716,77,1151,100,46
3717,1332,1492,85,32
3718,1716,1538,75,8
3719,919,1116,75,16
3720,2218,2036,80,44
3721,267,926,85,10
3722,1226,1921,50,46
3723,680,136,95,30
3724,1771,1783,75,4
3725,737,1992,80,26
3726,846,1124,95,39
3727,851,829,55,45
3728,506,2244,100,10
3729,1627,2000,90,22
3730,2140,2182,80,35
3731,1664,1694,75,38
3732,2186,2289,70,20
3733,2142,2174,55,28
3734,1276,1749,70,38
3735,2226,598,65,15
3736,2086,2098,55,7
3737,1239,1489,55,22
3738,1533,1205,80,50
3739,1709,1856,100,47
3740,982,1059,90,22
3741,1802,1769,70,3
3742,816,223,60,26
3743,898,842,60,8
3744,598,6,90,4
3745,2016,2156,80,47
3746,1293,1841,100,2
3747,2282,2005,65,50
3748,847,2053,80,17
3749,2237,2002,60,16
3750,2106,164,100,25
3751,2156,2017,55,37
3752,1576,1803,75,12
3753,1244,1268,60,40
3754,1588,2109,100,7
3755,2037,2006,80,24
3756,2254,2002,80,7
3757,1261,1546,65,46
3758,1736,582,50,30
3759,2208,2004,65,41
3760,2221,2195,90,30
3761,903,776,55,43
3762,2085,2151,100,20
3763,1586,1816,90,20
3764,2047,2262,100,22
3765,472,793,70,21
3766,1594,1140,65,3
3767,856,44,50,31
3768,1075,1120,100,20
3769,2159,2223,75,45
3770,1944,1252,85,49
3771,2060,2264,85,32
3772,1730,1770,70,9
3773,593,41,100,20
3774,627,1079,80,49
3775,1308,1342,75,8
3776,1778,494,90,15
3777,2107,2012,55,27
3778,2150,2151,65,14
3779,335,174,60,25
3780,1931,1532,65,17
3781,1822,1826,80,14
3782,974,380,50,23
3783,1974,1771,85,49
3784,118,782,75,31
3785,1557,1658,90,26
3786,151,1863,80,5
3787,108,584,85,5
3788,1698,1667,60,23
3789,1699,1821,50,31
3790,2104,2066,80,29
3791,556,785,80,4
3792,1282,1804,80,38
3793,1537,1999,100,45
3794,271,62,75,3
3795,1225,2084,90,25
3796,2143,2153,60,29
3797,2271,2071,55,5
3798,2229,2207,80,34
3799,483,796,95,28
3800,1985,1760,75,24
3801,2299,2201,65,10
3802,1064,981,80,50
3803,1157,162,70,33
3804,1753,491,70,8
3805,585,109,100,47
3806,1467,1678,70,6
3807,1255,1664,60,45
3808,1480,1552,70,2
3809,1775,1622,100,50
3810,2172,2130,70,14
3811,2084,2282,95,29
3812,935,651,90,20
3813,2064,518,90,15
3814,490,920,75,39
3815,2016,2117,80,5
3816,2059,2010,50,2
3817,2191,2274,55,37
3818,1201,1937,100,45
3819,218,392,60,2
3820,2111,2089,90,33
3821,1690,2156,55,26
3822,1451,1295,100,15
3823,1997,1694,90,37
3824,1386,1617,55,39
3825,1953,1984,65,47
3826,1614,477,100,39
3827,2201,2107,100,43
3828,496,22,60,32
3829,840,2067,55,38
3830,2265,2216,55,34
3831,2130,2207,95,38
3832,1781,1699,65,37
3833,1431,1604,55,41
3834,526,1154,90,32
3835,1306,1336,95,10
3836,1590,1375,55,28
3837,2017,2040,75,2
3838,2128,2131,55,35
3839,19,2013,55,31
3840,2084,2010,75,31
3841,1530,1227,80,49
3842,1609,1738,50,8
3843,1814,1241,90,4
3844,347,448,90,29
3845,1337,1508,85,45
3846,1326,1521,75,49
3847,1727,1907,60,10
3848,947,867,80,10
3849,358,984,70,40
3850,2293,2102,55,23
3851,893,1831,60,45
3852,41,192,90,41
3853,1529,1659,65,12
3854,1286,1625,90,8
3855,2295,746,80,29
3856,1489,1267,75,49
3857,1095,629,55,33
3858,2250,2126,85,14
3859,2209,2189,55,15
3860,877,1579,55,41
3861,1489,1640,85,20
3862,127,452,95,17
3863,2144,2211,55,17
3864,893,534,75,10
3865,156,1051,85,45
3866,2262,2059,80,13
3867,2171,435,75,23
3868,2135,2093,95,17
3869,2221,2065,85,29
3870,2002,1709,100,25
3871,2044,2128,55,7
3872,2146,2233,90,10
3873,502,527,75,29
3874,1889,1480,80,42
3875,2163,2010,75,9
3876,2071,2134,80,15
3877,1888,1523,95,9
3878,1930,1560,85,12
3879,823,48,85,8
3880,2221,2056,75,18
3881,2179,2233,90,46
3882,1360,1537,65,28
3883,476,244,60,36
3884,1588,1517,55,49
3885,2129,2139,65,20
3886,34,2165,55,16
3887,126,1197,75,3
3888,2056,1178,65,14
3889,968,1148,70,27
3890,701,387,50,47
3891,492,557,85,21
3892,2108,2096,95,28
3893,796,292,100,34
3894,1898,1574,85,22
3895,1924,1555,85,21
3896,2076,1718,100,49
3897,1581,1594,70,29
3898,2227,2280,75,21
3899,498,1189,70,36
3900,147,61,60,9
3901,1282,1753,90,33
3902,1981,1656,65,41
3903,2096,2272,90,44
3904,1159,2175,60,8
3905,2261,2125,60,23
3906,2102,2007,75,34
3907,1149,1152,90,33
3908,1847,1859,85,19
3909,2268,2150,50,24
3910,2010,2231,50,15
3911,1630,1362,55,23
3912,2194,2240,55,15
3913,321,917,70,50
3914,2260,2229,100,26
3915,1537,1255,75,5
3916,2017,2068,90,47
3917,1879,1330,100,28
3918,1800,1249,75,46
3919,1795,43,80,41
3920,1746,1458,95,29
3921,1395,1829,65,36
3922,611,524,85,19
3923,1899,979,70,32
3924,1176,991,85,7
3925,2001,2062,65,21
3926,402,815,55,12
3927,148,809,75,49
3928,2130,2065,65,43
3929,804,2213,90,46
3930,1696,1268,100,17
3931,1550,1631,70,7
3932,2013,2279,50,29
3933,2099,2006,75,31
3934,792,164,60,41
3935,2114,2092,95,30
3936,1165,96,80,26
3937,1503,1272,75,28
3938,1913,2138,60,47
3939,1127,774,50,28
3940,1352,1770,85,42
3941,1006,1344,50,17
3942,1592,1958,95,16
3943,1686,1319,65,26
3944,806,126,85,45
3945,2122,2252,85,31
3946,2038,524,70,21
3947,81,123,55,4
3948,2014,2258,100,37
3949,1836,1746,70,14
3950,2054,2049,95,32
3951,2177,2201,55,49
3952,2220,2170,55,35
3953,1666,1975,60,47
3954,2011,2116,50,2
3955,945,1946,65,44
3956,2144,2251,70,4
3957,1196,2112,95,49
3958,1742,1490,65,23
3959,1523,1367,90,13
3960,1102,10,85,49
3961,397,542,100,9
3962,1116,1379,85,14
3963,1234,1203,100,48
3964,1988,1680,60,5
3965,1658,1556,65,7
3966,2223,2149,100,2
3967,870,432,80,27
3968,1283,1307,80,20
3969,415,108,80,46
3970,1720,1368,75,8
3971,796,462,90,19
3972,1115,109,85,34
3973,2133,2284,90,33
3974,2275,1056,100,41
3975,2041,2055,85,35
3976,1715,1222,90,34
3977,2119,2031,70,24
3978,1898,1998,90,42
3979,1330,1295,85,41
3980,1310,1920,75,31
3981,2,1157,95,32
3982,930,852,55,8
3983,264,1288,70,40
3984,1696,1407,55,31
3985,1275,26,95,20
3986,809,1094,80,6
3987,2222,2141,100,41
3988,2158,2052,50,26
3989,717,637,95,47
3990,2172,2099,60,16
3991,1391,1552,100,47
3992,1655,1589,95,24
3993,2252,2247,55,3
3994,1173,2192,90,43
3995,2198,2018,65,10
3996,511,984,85,44
3997,205,543,90,27
3998,723,127,80,35
3999,2040,2180,80,36
